Id,degree,group
6016,48,16
3836,43,16
4218,41,21
7623,36,19
2918,36,21
6978,36,21
7086,35,14
6869,35,21
7357,35,16
8129,33,21
6377,33,30
4692,32,33
786,31,19
2096,31,29
8710,31,33
3251,30,33
6613,30,33
9332,29,30
482,29,16
2573,28,26
829,28,22
2075,28,16
4594,28,14
4654,27,21
813,27,10
816,27,22
7258,27,19
3296,27,29
6458,27,30
7768,27,21
4595,27,14
7526,27,19
7732,26,19
2931,26,21
5097,26,16
5418,26,21
1102,26,8
1582,26,26
8694,26,10
9113,26,30
5619,26,19
6749,26,16
54,25,12
438,25,26
379,25,26
550,25,21
612,25,3
1853,25,33
2091,25,14
2421,25,7
4839,25,19
3756,25,14
6764,25,29
9178,25,30
6786,25,16
9006,25,14
9277,25,22
4888,25,30
7983,25,19
9168,24,29
3153,24,16
579,24,5
3560,24,7
998,24,21
3541,24,20
3288,24,33
5609,24,21
6173,24,21
1428,24,22
7227,24,7
7335,24,16
1955,24,7
4420,24,29
5977,24,3
5771,24,29
4894,24,29
6274,24,16
2297,23,22
101,23,14
7478,23,14
8795,23,26
921,23,14
1306,23,29
8660,23,22
9439,23,22
3622,23,7
5491,23,3
7690,23,14
5997,23,16
7117,23,7
7561,22,14
1758,22,16
417,22,25
830,22,22
2179,22,22
2971,22,10
1809,22,26
2174,22,21
6143,22,22
2444,22,26
2521,22,22
6830,22,30
8600,22,21
3184,22,10
3536,22,21
7689,22,16
5669,22,3
5908,22,19
6448,22,14
9046,22,20
5903,22,16
1416,21,10
9252,21,5
4521,21,10
3732,21,21
899,21,22
874,21,26
4401,21,22
9070,21,26
7115,21,7
9289,21,26
8982,21,20
5264,21,33
2395,21,22
5353,21,20
4159,21,14
9188,21,20
8844,21,1
3113,21,22
3134,21,19
3803,21,2
3479,21,22
7739,21,22
5737,21,20
8849,21,7
4271,21,3
4486,21,22
5726,21,16
6658,21,20
4877,21,21
5272,21,16
6370,21,20
8606,21,26
7838,21,16
719,20,5
2414,20,32
355,20,22
7850,20,3
2144,20,1
649,20,1
7769,20,21
8705,20,16
3731,20,16
1169,20,21
1173,20,16
5862,20,21
1329,20,22
1348,20,26
5528,20,14
3070,20,25
2753,20,14
1933,20,21
1994,20,10
2127,20,10
6639,20,19
7536,20,7
5408,20,14
2837,20,19
5348,20,21
2937,20,30
7836,20,20
9213,20,26
3829,20,30
4625,20,5
6566,20,3
9352,20,3
6848,20,26
1487,19,19
4460,19,26
4091,19,14
6922,19,7
8618,19,5
7381,19,21
2057,19,13
7844,19,20
8842,19,21
9155,19,10
6665,19,5
9271,19,8
4582,19,16
4733,19,8
3896,19,10
2566,19,21
4539,19,22
3512,19,26
3052,19,21
3165,19,8
3238,19,29
3329,19,21
3436,19,8
6239,19,15
5690,19,10
5493,19,10
5162,19,29
5843,19,30
5351,19,16
6513,19,5
6098,19,21
6166,19,1
7821,19,16
8743,19,10
9214,19,22
4335,18,12
7282,18,26
8787,18,22
1394,18,14
5157,18,23
184,18,29
268,18,5
283,18,5
6388,18,10
2879,18,20
512,18,20
6012,18,5
4526,18,10
6299,18,1
2361,18,13
946,18,7
6617,18,16
1310,18,21
2081,18,10
1657,18,16
2422,18,30
3628,18,7
2164,18,22
6211,18,33
2749,18,22
2207,18,22
2240,18,16
2284,18,21
2711,18,21
7123,18,1
7161,18,13
4325,18,33
9044,18,21
8009,18,14
5758,18,16
7366,18,14
6423,18,16
4275,18,20
6500,18,33
7665,18,21
8662,18,22
5158,18,8
4740,18,20
4794,18,22
4975,18,10
9350,18,14
70,18,22
8881,18,22
6026,18,16
6483,18,19
6716,18,13
8699,18,14
2476,17,22
1600,17,22
7566,17,32
2044,17,33
4862,17,8
723,17,5
3550,17,21
6556,17,5
7156,17,36
331,17,6
1059,17,16
7292,17,26
9432,17,14
2290,17,3
521,17,21
7731,17,3
657,17,21
705,17,8
3385,17,2
815,17,14
2102,17,7
4602,17,7
6779,17,22
1021,17,14
1111,17,6
1763,17,5
3661,17,26
8653,17,8
8456,17,7
3128,17,30
4450,17,18
3543,17,21
1717,17,14
7835,17,2
1760,17,5
2611,17,20
1950,17,33
1956,17,22
5056,17,22
2095,17,2
2157,17,30
4304,17,5
5258,17,19
5867,17,22
6111,17,32
9174,17,19
2484,17,22
2986,17,22
2771,17,33
3564,17,13
3271,17,19
6201,17,30
7245,17,19
4156,17,1
4604,17,8
4609,17,8
7860,17,8
4844,17,29
9167,17,21
5034,17,8
5222,17,25
5762,17,10
5346,17,14
9287,17,23
5510,17,14
6638,17,15
6618,17,6
6142,17,3
6684,17,13
7103,17,14
7163,17,26
7683,17,10
8887,17,16
9270,17,21
31,17,19
2031,16,8
5217,16,16
5860,16,13
8633,16,14
136,16,26
817,16,10
269,16,25
8597,16,25
3726,16,16
294,16,10
5381,16,22
4352,16,22
9196,16,10
4150,16,16
1149,16,14
2789,16,25
5070,16,16
3337,16,3
4003,16,19
5992,16,16
2296,16,29
573,16,13
8033,16,13
1603,16,30
3592,16,1
4859,16,1
4816,16,21
685,16,31
690,16,16
4951,16,10
9411,16,22
4038,16,3
3253,16,5
7801,16,20
900,16,21
1003,16,20
1007,16,16
6495,16,10
5307,16,21
1200,16,16
8544,16,30
1460,16,22
3815,16,16
3460,16,21
6051,16,14
7304,16,7
2178,16,30
6048,16,11
2087,16,6
2797,16,6
3299,16,13
2141,16,22
2186,16,22
2268,16,14
8774,16,22
4541,16,22
7580,16,7
5201,16,8
2655,16,13
6997,16,8
2683,16,7
5194,16,14
2853,16,11
2869,16,7
2928,16,21
3011,16,20
6304,16,21
5142,16,11
9159,16,29
5318,16,21
4993,16,10
3827,16,20
4077,16,19
8807,16,25
4084,16,19
8545,16,33
4674,16,13
7385,16,7
4767,16,3
4777,16,16
7766,16,14
3376,16,36
5983,16,26
5325,16,10
695,16,33
6120,16,15
7438,16,26
6220,16,16
6476,16,21
6512,16,0
6585,16,26
8637,16,7
7764,16,21
8672,16,21
4043,16,19
9292,15,19
8030,15,25
6880,15,5
430,15,14
230,15,5
7779,15,21
291,15,16
5058,15,10
8180,15,13
352,15,16
3707,15,24
1512,15,7
413,15,33
9032,15,26
658,15,21
7799,15,5
6575,15,10
8448,15,13
491,15,3
531,15,7
1804,15,20
929,15,25
8447,15,28
671,15,7
6695,15,31
699,15,1
7402,15,29
8841,15,7
8254,15,2
5005,15,22
4970,15,8
1174,15,26
1210,15,27
1236,15,14
7308,15,19
2731,15,2
1397,15,22
5743,15,15
6635,15,7
6790,15,21
3356,15,7
4417,15,19
1704,15,13
1754,15,1
1757,15,6
1849,15,30
2809,15,21
1230,15,23
1897,15,23
8329,15,23
3709,15,25
2139,15,14
9380,15,22
8895,15,1
7852,15,1
3086,15,10
3562,15,25
2625,15,16
2799,15,1
5478,15,1
9205,15,15
2804,15,5
6636,15,21
4759,15,10
2863,15,21
2867,15,7
4149,15,29
2964,15,20
5794,15,33
7673,15,16
3345,15,16
9117,15,21
3519,15,20
3544,15,13
6616,15,21
6354,15,29
4364,15,18
3823,15,25
5238,15,19
3861,15,13
3868,15,16
3889,15,21
3972,15,29
5954,15,22
9349,15,7
4311,15,7
6760,15,30
6418,15,19
4748,15,22
5367,15,7
5102,15,19
9090,15,3
9061,15,14
7890,15,14
5500,15,29
5526,15,21
8261,15,7
8749,15,30
8280,15,13
8678,15,16
9304,15,30
6038,15,14
7917,15,25
6191,15,3
6561,15,21
6657,15,10
9321,15,7
7452,15,14
7479,15,7
7948,15,21
7776,15,10
7798,15,20
8891,15,29
9382,15,20
3172,15,19
49,14,25
811,14,30
1117,14,21
1461,14,7
6079,14,19
8832,14,22
325,14,21
6118,14,26
5755,14,33
1552,14,18
2154,14,30
9067,14,26
396,14,21
416,14,26
3698,14,31
1946,14,5
508,14,19
9018,14,19
2512,14,21
4613,14,13
626,14,20
5787,14,30
634,14,14
651,14,22
6020,14,29
718,14,10
3969,14,13
3290,14,13
765,14,5
766,14,10
1162,14,10
5841,14,16
799,14,8
818,14,21
8054,14,10
3320,14,11
925,14,30
5239,14,3
974,14,22
5987,14,6
4210,14,10
1104,14,16
6923,14,13
5301,14,26
5304,14,19
1314,14,26
1445,14,30
6029,14,26
2599,14,18
5441,14,8
1633,14,6
1663,14,7
5229,14,29
4132,14,13
1736,14,21
1747,14,2
1779,14,10
1931,14,23
7636,14,6
4751,14,29
2019,14,23
2021,14,11
2069,14,23
2078,14,10
4611,14,21
2191,14,7
5167,14,7
6258,14,15
3617,14,26
2329,14,10
2430,14,32
3834,14,21
2461,14,21
2603,14,7
2609,14,14
2612,14,2
4857,14,14
2688,14,13
2704,14,8
2755,14,0
2911,14,30
3892,14,5
2843,14,21
8346,14,7
8398,14,10
2898,14,8
2946,14,22
4116,14,13
4207,14,14
3018,14,10
4709,14,30
3077,14,1
3078,14,22
3081,14,2
5050,14,20
3152,14,11
6789,14,20
7087,14,13
8885,14,33
5443,14,27
3494,14,19
3514,14,30
9256,14,26
3652,14,32
3771,14,30
7787,14,16
3784,14,13
1285,14,24
7756,14,7
4321,14,14
4473,14,13
4575,14,13
8742,14,8
3970,14,32
9166,14,0
7186,14,8
4287,14,11
4213,14,16
4285,14,8
8542,14,3
8043,14,22
5881,14,13
7592,14,10
7220,14,7
4651,14,30
7942,14,14
8355,14,14
5248,14,7
7313,14,18
5658,14,11
5923,14,25
8771,14,13
6132,14,13
6216,14,13
9116,14,0
6835,14,26
7851,14,25
7206,14,14
7222,14,11
7456,14,22
8782,14,14
7664,14,26
7793,14,20
7932,14,15
7949,14,21
8751,14,30
9052,14,6
9345,14,14
9424,14,7
959,14,8
232,14,33
29,13,18
458,13,20
90,13,31
4678,13,14
161,13,11
3880,13,23
3987,13,35
253,13,30
2115,13,0
4262,13,15
5361,13,30
7807,13,8
359,13,5
5300,13,15
6814,13,22
547,13,5
3547,13,25
687,13,8
7188,13,14
5685,13,5
465,13,14
660,13,29
527,13,10
1511,13,7
3031,13,21
2827,13,8
6855,13,16
2378,13,7
8240,13,11
9200,13,33
628,13,5
633,13,30
2838,13,13
664,13,21
1513,13,7
675,13,1
5356,13,13
681,13,21
7745,13,16
5039,13,7
4918,13,25
6009,13,8
9407,13,6
3768,13,8
4354,13,29
867,13,7
7058,13,7
1579,13,14
910,13,7
924,13,16
2580,13,19
4596,13,26
950,13,30
958,13,3
6629,13,0
7615,13,10
992,13,5
1949,13,22
2283,13,5
6842,13,10
9031,13,10
8737,13,25
8059,13,5
4282,13,18
3415,13,16
1098,13,2
4163,13,2
8434,13,11
1185,13,30
8066,13,30
7542,13,8
1302,13,21
8825,13,32
1664,13,14
1356,13,26
2695,13,10
8514,13,21
8621,13,21
1459,13,8
3916,13,22
1485,13,19
2815,13,18
2292,13,16
4960,13,20
1577,13,16
1782,13,22
1713,13,11
1631,13,21
5964,13,5
3549,13,21
7428,13,14
1689,13,21
7266,13,8
1734,13,19
3674,13,14
8442,13,16
1746,13,10
6271,13,6
2357,13,26
1826,13,14
8913,13,18
1100,13,23
3482,13,21
1907,13,8
3305,13,10
4452,13,11
6916,13,21
4051,13,10
2035,13,22
2050,13,14
3464,13,13
2097,13,14
4196,13,7
2107,13,0
3308,13,13
7097,13,30
2181,13,18
5464,13,23
2256,13,13
2261,13,10
3728,13,21
7887,13,10
1514,13,16
8571,13,8
7723,13,21
4217,13,21
2372,13,7
2433,13,21
2523,13,35
4766,13,30
2532,13,19
6389,13,29
2551,13,10
3557,13,22
2623,13,23
2628,13,14
4944,13,11
3178,13,11
2881,13,19
2936,13,11
2953,13,14
2969,13,21
3075,13,30
5823,13,19
8388,13,13
3490,13,13
3814,13,3
3493,13,23
3502,13,27
7171,13,21
7241,13,29
8658,13,15
3575,13,16
3641,13,22
3671,13,14
3678,13,14
6746,13,21
3738,13,29
3850,13,6
3929,13,25
6249,13,30
7118,13,29
5237,13,10
4009,13,21
7552,13,26
4058,13,13
5249,13,18
4211,13,11
4308,13,7
4478,13,25
4393,13,21
4458,13,7
4536,13,0
5407,13,30
6035,13,11
4681,13,7
4730,13,24
4832,13,20
8869,13,28
4853,13,10
8565,13,10
5004,13,11
6624,13,8
5048,13,14
5060,13,5
5128,13,5
5259,13,5
5316,13,19
5360,13,1
5371,13,5
5760,13,20
5587,13,1
5588,13,5
5632,13,22
6255,13,25
5759,13,29
5859,13,13
9217,13,21
8472,13,26
6015,13,21
6791,13,21
8127,13,7
8100,13,13
8860,13,14
6300,13,32
6343,13,30
6410,13,14
7572,13,30
9385,13,26
7375,13,3
8812,13,8
8708,13,8
7414,13,8
7088,13,21
7354,13,30
7209,13,22
7291,13,7
7847,13,25
7504,13,21
9026,13,7
7939,13,14
8155,13,13
8458,13,7
9406,13,13
9291,13,19
9204,13,27
9372,13,21
3599,13,5
7990,13,25
8970,13,23
8981,13,10
7464,12,7
1351,12,14
7451,12,18
3233,12,7
2469,12,20
100,12,13
115,12,19
156,12,12
9262,12,1
8964,12,13
1989,12,21
227,12,8
4860,12,33
233,12,8
278,12,26
279,12,8
281,12,21
319,12,21
3804,12,21
3045,12,24
2716,12,14
5266,12,33
419,12,14
426,12,14
448,12,35
447,12,35
451,12,5
456,12,10
3187,12,21
7724,12,14
473,12,31
1320,12,30
5432,12,18
8919,12,19
8911,12,28
3901,12,28
9384,12,35
592,12,30
5122,12,6
2146,12,22
656,12,14
672,12,7
700,12,5
1427,12,5
9303,12,7
724,12,21
3642,12,3
4442,12,13
759,12,3
4474,12,30
6282,12,30
823,12,22
3545,12,7
9119,12,13
856,12,13
2945,12,34
2325,12,14
6317,12,28
9140,12,20
923,12,21
1360,12,21
3963,12,23
5601,12,20
1005,12,28
1034,12,29
1035,12,21
5166,12,21
1085,12,22
1108,12,22
1110,12,2
3665,12,14
1125,12,8
6149,12,25
1627,12,16
1992,12,5
1301,12,10
6644,12,16
7267,12,12
4627,12,27
1334,12,2
3912,12,2
3873,12,2
7435,12,16
5807,12,7
1361,12,33
4834,12,7
1385,12,3
6444,12,7
2295,12,25
8321,12,11
6471,12,21
8631,12,29
1637,12,14
4700,12,13
7648,12,8
1602,12,10
6523,12,36
1617,12,6
3374,12,6
6445,12,14
1708,12,21
3279,12,21
1730,12,16
6775,12,25
1774,12,10
1985,12,10
1778,12,10
1785,12,21
6438,12,26
7775,12,30
7527,12,10
1814,12,5
8838,12,16
8436,12,16
1977,12,21
2006,12,11
2010,12,21
2101,12,7
2125,12,16
2142,12,26
2470,12,1
6960,12,26
2170,12,10
3245,12,21
2180,12,18
7921,12,18
4495,12,10
2706,12,8
5640,12,30
4696,12,7
2294,12,13
7936,12,13
5161,12,33
2314,12,1
2315,12,1
8379,12,13
7365,12,16
6204,12,10
2380,12,9
2410,12,10
3389,12,21
6231,12,22
8492,12,21
2481,12,22
6762,12,30
2508,12,22
2520,12,7
2546,12,20
2581,12,28
2613,12,20
6350,12,18
5324,12,14
8813,12,13
2745,12,13
7215,12,1
5192,12,14
2801,12,15
5473,12,5
2857,12,19
2876,12,29
2895,12,8
6729,12,8
5585,12,7
2988,12,1
3050,12,5
4167,12,15
3072,12,10
3103,12,13
6567,12,13
8942,12,8
3316,12,14
7702,12,21
9083,12,25
3931,12,13
3484,12,7
5411,12,23
3511,12,10
3517,12,0
3554,12,13
3369,12,28
9420,12,7
8816,12,5
3611,12,7
9022,12,13
9428,12,7
3714,12,5
8510,12,30
8016,12,20
7240,12,14
3907,12,13
3917,12,22
7557,12,23
6761,12,32
7425,12,25
3984,12,21
3990,12,33
9134,12,7
4049,12,21
7011,12,13
4107,12,5
7533,12,22
9365,12,23
4296,12,20
6934,12,12
4415,12,3
4480,12,2
8630,12,13
4574,12,7
4690,12,33
2028,12,10
8366,12,3
4790,12,14
4869,12,33
6926,12,29
4826,12,14
4904,12,14
5049,12,14
5079,12,22
9189,12,5
5308,12,21
7984,12,30
5328,12,27
5352,12,5
5380,12,14
7558,12,21
5511,12,30
5555,12,26
5653,12,14
5706,12,14
7265,12,30
5853,12,26
5974,12,5
8230,12,7
6107,12,27
6148,12,26
6195,12,2
7467,12,2
7765,12,14
9258,12,27
6501,12,8
6526,12,12
6530,12,13
6579,12,28
6696,12,30
6728,12,1
6733,12,21
6751,12,26
8784,12,26
3799,12,2
7234,12,18
9063,12,14
7400,12,21
7583,12,35
7691,12,14
7752,12,7
7767,12,21
7868,12,22
7898,12,29
8091,12,21
8097,12,14
8126,12,14
8402,12,21
2264,12,5
8926,12,11
9103,12,14
4074,12,12
2214,12,5
4963,12,3
4994,12,32
1197,12,30
3188,12,2
275,12,23
7159,11,11
4728,11,10
7831,11,17
1879,11,23
71,11,21
8022,11,29
78,11,13
9173,11,5
92,11,32
4980,11,8
8934,11,8
4827,11,12
8429,11,13
186,11,5
5335,11,13
229,11,25
3574,11,5
249,11,1
8655,11,21
270,11,16
292,11,14
881,11,10
1155,11,2
309,11,13
3700,11,13
8864,11,22
3228,11,11
6700,11,9
2218,11,30
383,11,30
414,11,26
6961,11,14
8724,11,17
424,11,5
1800,11,26
3589,11,30
6074,11,2
5757,11,30
498,11,5
1464,11,21
520,11,13
522,11,11
3302,11,22
536,11,14
1410,11,21
543,11,25
556,11,5
5516,11,8
580,11,25
926,11,30
589,11,11
591,11,13
601,11,13
7270,11,13
1318,11,30
670,11,7
680,11,1
702,11,7
707,11,10
708,11,5
740,11,30
743,11,13
878,11,21
756,11,25
6622,11,5
5815,11,30
797,11,11
2530,11,30
833,11,30
846,11,23
6834,11,30
888,11,20
4005,11,28
1062,11,5
5895,11,5
7404,11,8
7182,11,21
982,11,10
991,11,22
1004,11,10
8657,11,30
1056,11,35
1060,11,10
6649,11,21
2996,11,8
1097,11,26
3654,11,25
7588,11,30
8897,11,1
5779,11,26
1198,11,21
4344,11,21
6187,11,13
1258,11,14
4126,11,35
1280,11,24
4157,11,24
1296,11,29
1304,11,5
1315,11,26
1466,11,26
1325,11,14
8731,11,28
4786,11,31
5534,11,16
1366,11,10
1371,11,2
1377,11,31
1380,11,22
4477,11,15
2913,11,25
1384,11,7
2407,11,22
3003,11,10
1419,11,26
3975,11,4
1444,11,21
4874,11,13
6420,11,6
9293,11,19
4745,11,35
1557,11,14
1566,11,29
1591,11,20
8368,11,11
1623,11,26
1628,11,11
1678,11,8
9068,11,5
1711,11,17
1715,11,14
1718,11,21
2245,11,21
1745,11,21
2967,11,10
1783,11,21
1788,11,26
2637,11,30
2462,11,19
2712,11,9
1811,11,28
1813,11,21
4558,11,1
1868,11,5
8664,11,5
1869,11,21
1878,11,16
3577,11,3
1903,11,21
4528,11,10
5282,11,23
9126,11,13
1947,11,7
1963,11,16
9426,11,27
5091,11,2
1988,11,8
2011,11,21
6386,11,8
8901,11,0
2118,11,22
3955,11,8
2305,11,27
2254,11,1
4360,11,13
2285,11,7
3842,11,13
6569,11,5
2303,11,19
2306,11,22
2351,11,10
2383,11,9
2403,11,10
2409,11,11
8187,11,11
2741,11,11
2519,11,13
8906,11,13
4302,11,19
9301,11,16
5778,11,21
2597,11,30
8314,11,7
2629,11,23
2633,11,19
9266,11,13
7610,11,10
7806,11,8
6908,11,15
2831,11,19
7010,11,7
2850,11,14
3422,11,25
2856,11,10
2874,11,14
2944,11,22
5717,11,13
6362,11,33
7594,11,25
3042,11,13
3076,11,14
4000,11,29
3089,11,30
3115,11,25
3122,11,26
4374,11,21
3164,11,6
4290,11,7
6812,11,20
3224,11,21
5072,11,14
1490,11,18
3526,11,14
5317,11,15
5839,11,14
3387,11,21
3397,11,21
3398,11,21
3421,11,29
3427,11,21
4260,11,2
3458,11,30
3466,11,21
4252,11,0
3499,11,21
6237,11,13
7499,11,13
3556,11,21
3558,11,20
3561,11,7
4565,11,5
3579,11,28
4503,11,21
3785,11,24
3649,11,22
7183,11,26
5913,11,30
3696,11,20
3710,11,25
3745,11,11
3778,11,8
7955,11,35
7235,11,30
3811,11,10
3826,11,19
3844,11,13
3857,11,10
6643,11,13
3906,11,13
3910,11,26
3922,11,14
8118,11,30
3942,11,5
3951,11,30
3962,11,6
5379,11,6
9150,11,8
9078,11,4
9039,11,19
4010,11,11
5119,11,20
4174,11,2
4192,11,20
4208,11,21
5131,11,14
4257,11,12
4265,11,20
4266,11,11
4267,11,7
4269,11,10
4310,11,7
4978,11,8
4346,11,14
6024,11,3
8656,11,0
4509,11,14
8168,11,7
8125,11,10
4561,11,13
6469,11,21
7544,11,25
4723,11,21
386,11,24
4763,11,14
8440,11,1
4840,11,14
4841,11,28
6864,11,3
9388,11,26
7001,11,7
5121,11,19
7300,11,10
5156,11,7
5173,11,29
5250,11,10
5261,11,21
8978,11,23
9235,11,27
8441,11,1
6290,11,21
8354,11,11
5486,11,36
5811,11,14
1673,11,36
9265,11,36
5701,11,23
7791,11,16
5719,11,22
9008,11,10
5753,11,21
5931,11,7
5912,11,1
5993,11,30
8535,11,21
6867,11,10
6105,11,21
6162,11,14
6174,11,23
6192,11,13
6209,11,36
7154,11,15
6269,11,19
6369,11,5
6392,11,27
6402,11,10
7789,11,11
8271,11,7
6452,11,13
8146,11,8
6528,11,5
6529,11,5
6564,11,11
9104,11,25
6709,11,16
6772,11,26
7336,11,5
6897,11,3
7067,11,20
8703,11,10
7263,11,21
7288,11,16
7323,11,16
7359,11,18
7360,11,18
8683,11,18
8965,11,18
7406,11,7
7446,11,11
7671,11,30
7494,11,25
7500,11,13
7517,11,8
7518,11,22
8612,11,1
7608,11,21
6291,11,33
7754,11,21
7770,11,7
7792,11,20
9386,11,21
7876,11,13
7896,11,10
7979,11,21
4110,11,13
9227,11,19
8623,11,16
9290,11,30
8859,11,10
8862,11,22
9045,11,25
9307,11,16
9280,11,7
9308,11,16
9348,11,7
9360,11,8
1182,11,13
3196,11,35
3025,11,33
4621,11,35
5625,11,8
893,11,28
1208,11,5
6634,11,35
5362,11,28
8831,11,6
6416,11,8
6799,11,6
8153,11,19
9198,11,18
1651,11,23
6611,11,18
4803,11,30
7105,11,23
4059,11,30
784,10,10
15,10,4
36,10,22
1189,10,18
42,10,18
5551,10,14
52,10,19
7715,10,13
3979,10,11
99,10,22
103,10,13
107,10,7
7554,10,7
6667,10,14
180,10,1
185,10,13
7248,10,13
199,10,13
1862,10,5
463,10,3
236,10,8
5687,10,10
2301,10,35
271,10,18
273,10,3
280,10,8
6734,10,30
317,10,13
324,10,21
326,10,21
2502,10,33
2647,10,30
5504,10,19
360,10,35
362,10,8
369,10,11
387,10,10
392,10,16
1345,10,19
503,10,21
418,10,21
425,10,10
7333,10,26
5888,10,16
443,10,35
445,10,35
464,10,13
481,10,30
5597,10,0
530,10,18
6856,10,25
557,10,5
6435,10,10
593,10,5
3027,10,36
4434,10,33
8539,10,31
650,10,3
8846,10,7
2807,10,19
4852,10,31
2171,10,33
689,10,11
4071,10,26
761,10,22
769,10,21
5263,10,11
778,10,6
3655,10,11
801,10,29
808,10,15
810,10,30
2379,10,9
7135,10,18
3864,10,8
7012,10,1
854,10,13
6887,10,16
872,10,24
9127,10,21
8520,10,20
890,10,10
8758,10,10
897,10,13
3920,10,13
933,10,19
8559,10,30
7202,10,0
1887,10,30
942,10,5
956,10,5
1014,10,23
960,10,3
981,10,26
6937,10,20
1017,10,10
1026,10,31
1031,10,25
1488,10,8
6129,10,5
1055,10,35
1064,10,10
5683,10,18
1088,10,21
1090,10,27
1820,10,11
1103,10,28
1119,10,14
1133,10,5
7312,10,26
7560,10,0
5196,10,13
5634,10,2
1159,10,0
2172,10,18
6509,10,26
1476,10,30
1199,10,31
1611,10,31
7910,10,21
1217,10,30
1227,10,22
2691,10,14
4180,10,21
1245,10,16
1257,10,5
6046,10,7
8474,10,21
1290,10,5
5891,10,29
2908,10,23
1321,10,30
1332,10,14
1341,10,14
1359,10,21
1382,10,15
5419,10,14
7966,10,8
8916,10,19
1418,10,21
1432,10,7
8687,10,14
1440,10,36
2230,10,5
2362,10,35
2280,10,19
5894,10,19
4900,10,6
1497,10,5
1504,10,8
1506,10,26
1515,10,29
1520,10,8
1530,10,30
6854,10,10
1551,10,21
2359,10,15
1558,10,10
6301,10,1
1707,10,16
1573,10,20
1608,10,13
1619,10,6
4531,10,13
6745,10,1
6226,10,6
1638,10,14
1639,10,14
5298,10,22
5384,10,21
3111,10,17
1688,10,29
1705,10,22
1732,10,19
5593,10,19
6181,10,16
6952,10,21
3016,10,10
8061,10,19
1793,10,19
1798,10,14
1867,10,5
1870,10,21
6280,10,0
1900,10,3
8067,10,13
1927,10,14
616,10,33
3372,10,21
2020,10,7
4854,10,13
6517,10,5
2045,10,22
6568,10,20
2122,10,13
2751,10,22
6883,10,18
2156,10,30
8611,10,5
6508,10,5
4345,10,33
8575,10,21
3079,10,13
8511,10,11
2263,10,13
9325,10,1
2319,10,22
2327,10,21
2338,10,13
2342,10,14
5366,10,7
5209,10,21
3821,10,32
2384,10,9
2397,10,21
2411,10,18
4499,10,13
2419,10,14
2420,10,14
2504,10,26
2458,10,21
2526,10,8
7029,10,20
2535,10,18
2538,10,8
3597,10,13
2687,10,8
2556,10,8
2592,10,10
7340,10,21
2632,10,2
2658,10,30
2678,10,16
3747,10,16
6139,10,14
5639,10,33
4774,10,8
4861,10,23
2722,10,1
5852,10,23
6874,10,0
2772,10,21
2777,10,7
2791,10,5
2814,10,8
2819,10,13
3973,10,18
2851,10,7
8967,10,14
2868,10,7
5845,10,21
5746,10,14
2923,10,0
2925,10,21
2932,10,7
2933,10,5
2998,10,32
2957,10,8
2970,10,32
2972,10,10
7682,10,10
2981,10,21
2987,10,21
2993,10,13
3007,10,26
3019,10,21
3049,10,3
3120,10,20
4095,10,10
3199,10,5
3218,10,13
5414,10,26
3237,10,14
3249,10,20
3304,10,21
3739,10,10
3307,10,10
3333,10,2
8790,10,2
5247,10,36
3366,10,29
3405,10,8
3407,10,33
3431,10,7
3433,10,7
5935,10,7
1393,10,28
3447,10,20
3459,10,16
7232,10,27
3548,10,16
570,10,8
3633,10,30
3638,10,10
3653,10,22
3664,10,13
3676,10,14
6853,10,5
3757,10,14
8527,10,6
3776,10,7
6327,10,22
3894,10,33
7079,10,2
7176,10,20
3927,10,26
3930,10,13
3934,10,7
3937,10,30
3954,10,21
8438,10,22
8115,10,16
3983,10,5
6487,10,10
8729,10,11
4104,10,27
4131,10,19
4176,10,21
4181,10,28
4193,10,18
9170,10,16
5543,10,10
4222,10,36
7411,10,6
6963,10,22
4367,10,13
9218,10,10
5001,10,25
4389,10,22
4392,10,30
4425,10,6
4497,10,5
4501,10,19
4513,10,10
4522,10,14
5068,10,1
4593,10,31
8532,10,16
4641,10,22
4650,10,14
4765,10,6
4798,10,30
4822,10,21
4866,10,3
4871,10,0
4902,10,8
5900,10,30
8640,10,14
6250,10,18
9201,10,13
5038,10,30
6670,10,5
9373,10,2
5077,10,22
5163,10,15
5164,10,10
7395,10,5
5188,10,28
5215,10,21
5230,10,30
5231,10,33
7416,10,11
5286,10,23
5400,10,14
5416,10,14
5420,10,7
7073,10,20
5444,10,2
5455,10,14
9100,10,25
5487,10,13
5496,10,25
6050,10,11
7315,10,13
5595,10,33
5621,10,7
8638,10,19
6590,10,20
8117,10,13
5831,10,8
8248,10,30
5869,10,21
8778,10,30
5925,10,22
5937,10,10
7576,10,10
5995,10,21
6010,10,5
6138,10,1
6172,10,29
6262,10,11
6612,10,16
6363,10,31
652,10,35
6428,10,13
7389,10,32
6588,10,10
6605,10,21
6610,10,28
7973,10,35
7454,10,10
6708,10,27
6723,10,18
6748,10,20
6756,10,3
7145,10,35
6895,10,33
6924,10,13
6943,10,35
6945,10,19
7051,10,22
9005,10,29
7075,10,26
7223,10,11
8947,10,19
7345,10,14
7384,10,11
8319,10,11
7409,10,12
7418,10,26
7462,10,21
8917,10,29
7628,10,16
7677,10,10
7679,10,8
7741,10,5
4198,10,25
7755,10,21
7772,10,7
8212,10,23
7882,10,10
7919,10,26
7937,10,22
7985,10,30
8001,10,13
8937,10,22
8040,10,18
8045,10,23
8122,10,5
8139,10,5
8217,10,11
8289,10,22
8997,10,22
8323,10,13
8327,10,18
8464,10,4
8516,10,11
2577,10,18
8634,10,10
8645,10,22
8646,10,7
8659,10,22
7434,10,8
8714,10,22
8719,10,2
8733,10,28
8736,10,8
8768,10,14
8855,10,8
9138,10,10
9172,10,3
9180,10,7
9197,10,26
9207,10,30
9313,10,16
8824,10,12
1078,10,15
7622,10,30
1670,10,1
8482,10,10
1978,10,2
3576,10,18
1331,10,27
7018,10,30
8761,10,13
7537,10,35
6490,10,10
6671,10,5
8302,9,4
8,9,7
17,9,12
6123,9,21
182,9,2
56,9,26
4508,9,25
62,9,14
9442,9,14
6674,9,2
65,9,15
1818,9,23
6124,9,14
1675,9,14
2605,9,25
9231,9,8
111,9,14
125,9,12
8192,9,13
134,9,2
137,9,29
7419,9,29
6224,9,12
8613,9,23
3386,9,13
173,9,7
177,9,14
263,9,27
7598,9,5
189,9,14
194,9,5
198,9,21
9146,9,19
203,9,10
204,9,10
1453,9,0
212,9,5
215,9,3
216,9,28
223,9,7
655,9,28
225,9,13
4337,9,13
243,9,30
245,9,7
8776,9,20
8085,9,1
260,9,4
288,9,15
289,9,5
7014,9,5
3321,9,14
312,9,36
320,9,2
3181,9,6
334,9,10
340,9,30
1610,9,23
9336,9,16
2543,9,30
4336,9,18
388,9,7
411,9,21
412,9,13
420,9,13
6868,9,10
433,9,13
437,9,19
1330,9,27
3142,9,35
3143,9,35
7568,9,18
3782,9,10
6103,9,16
476,9,5
4322,9,11
479,9,2
485,9,34
487,9,19
488,9,14
3112,9,33
5020,9,2
513,9,10
519,9,21
5270,9,21
8260,9,11
8190,9,4
7833,9,11
9043,9,5
3186,9,21
581,9,25
6562,9,21
3451,9,21
5948,9,22
603,9,22
605,9,25
5460,9,25
2507,9,23
6206,9,5
629,9,5
6730,9,24
668,9,31
2192,9,7
2823,9,8
7261,9,28
2963,9,5
716,9,9
717,9,36
720,9,3
729,9,5
741,9,34
748,9,30
751,9,28
755,9,21
1587,9,28
6971,9,10
8330,9,33
8356,9,28
2440,9,8
5792,9,29
4538,9,22
5855,9,9
843,9,28
865,9,33
871,9,15
2689,9,13
906,9,10
911,9,33
3041,9,16
939,9,13
941,9,30
4948,9,18
973,9,0
6134,9,28
7429,9,14
1037,9,23
1042,9,14
6096,9,8
7538,9,35
1058,9,10
1076,9,0
6511,9,0
1083,9,5
8467,9,5
1096,9,7
3363,9,7
1116,9,14
4121,9,8
1974,9,0
1152,9,7
1170,9,25
1171,9,5
1196,9,26
1214,9,32
3423,9,26
1248,9,22
9316,9,1
1264,9,14
1272,9,35
9415,9,23
4036,9,3
5673,9,5
2919,9,20
1404,9,30
2901,9,30
1336,9,21
1343,9,16
2252,9,33
1347,9,22
6907,9,26
8042,9,16
6102,9,21
8667,9,0
1390,9,1
1396,9,14
8910,9,5
4202,9,30
1405,9,21
1409,9,8
1412,9,19
4828,9,5
1417,9,12
4662,9,36
5147,9,21
7632,9,19
6654,9,3
1465,9,26
2100,9,35
8668,9,8
3497,9,7
1536,9,30
1549,9,17
4940,9,30
3343,9,3
1584,9,15
1589,9,20
1592,9,6
9353,9,29
5681,9,13
8540,9,10
1620,9,13
2552,9,16
2717,9,16
1655,9,22
1667,9,8
1669,9,8
1690,9,3
1699,9,28
1727,9,16
1740,9,10
7590,9,5
9015,9,31
4782,9,0
1786,9,2
8443,9,11
4931,9,28
3679,9,33
1817,9,4
8900,9,4
2260,9,11
8845,9,30
1839,9,30
4243,9,30
1856,9,6
3820,9,21
4129,9,16
9035,9,10
1893,9,7
1901,9,21
7108,9,31
1917,9,10
6205,9,3
1938,9,13
8522,9,10
6822,9,5
7146,9,22
8345,9,7
1967,9,22
5359,9,32
2005,9,27
2007,9,2
2022,9,8
2033,9,20
7505,9,22
2864,9,5
2046,9,8
5970,9,26
2055,9,20
6334,9,14
2094,9,7
4719,9,21
2111,9,22
2117,9,20
8466,9,1
2163,9,16
5542,9,16
2212,9,5
2213,9,5
7173,9,26
2228,9,27
2235,9,21
2236,9,17
7881,9,21
2265,9,8
2311,9,21
2322,9,26
2417,9,22
9433,9,13
8150,9,31
7290,9,31
2392,9,21
7302,9,3
3553,9,15
2446,9,15
2630,9,23
5071,9,12
4780,9,18
2497,9,10
2513,9,30
2514,9,7
2518,9,13
2529,9,35
2539,9,14
2549,9,26
2576,9,5
2583,9,13
3297,9,10
6272,9,6
5377,9,11
2608,9,19
6212,9,19
7744,9,2
2636,9,1
2639,9,7
6229,9,7
8272,9,7
2679,9,18
2700,9,8
2705,9,23
5255,9,33
2723,9,5
2732,9,21
2734,9,8
2754,9,0
3004,9,0
2761,9,32
6189,9,18
2788,9,18
2796,9,25
2808,9,15
2816,9,29
2824,9,23
2834,9,13
5467,9,17
4201,9,7
5490,9,30
6743,9,21
2878,9,30
2893,9,10
6424,9,31
4649,9,23
2917,9,8
2948,9,14
2952,9,14
2955,9,32
7444,9,8
3002,9,33
3012,9,2
3015,9,18
8132,9,21
3146,9,35
7993,9,13
3197,9,5
3051,9,15
3067,9,14
3347,9,27
3097,9,11
4642,9,10
3964,9,13
6496,9,5
3212,9,8
3230,9,28
3239,9,13
3241,9,25
3280,9,10
5918,9,14
3284,9,11
3287,9,10
9004,9,22
8145,9,13
3332,9,22
6450,9,29
4298,9,23
8263,9,11
3455,9,18
4194,9,18
3457,9,21
3488,9,1
7278,9,19
3498,9,33
8151,9,18
3525,9,13
3555,9,10
8457,9,7
6459,9,5
3588,9,11
3600,9,5
3603,9,16
3644,9,31
6245,9,31
3766,9,1
8875,9,33
3706,9,20
3719,9,13
6992,9,10
3730,9,21
3736,9,30
5835,9,10
8074,9,19
3769,9,6
3779,9,8
3781,9,17
3949,9,14
3797,9,20
6208,9,26
3812,9,4
6171,9,25
5614,9,13
3852,9,7
6367,9,28
3898,9,21
8024,9,23
4883,9,14
3940,9,10
3943,9,5
7601,9,19
5791,9,14
3993,9,14
4012,9,20
4019,9,7
4031,9,20
9105,9,25
4054,9,13
7091,9,26
4064,9,0
4065,9,26
9425,9,26
4097,9,14
4109,9,21
4111,9,22
4115,9,14
8923,9,14
4120,9,23
4158,9,35
9121,9,2
8412,9,3
4199,9,16
4216,9,14
6735,9,21
8227,9,18
4234,9,7
4264,9,13
8154,9,6
4297,9,7
4305,9,5
5405,9,19
5458,9,19
5008,9,11
4330,9,3
4334,9,4
4339,9,8
9327,9,18
4373,9,22
4387,9,14
4395,9,16
4408,9,5
4437,9,22
4448,9,16
6904,9,33
4482,9,11
4505,9,10
4506,9,22
4511,9,15
4769,9,0
4556,9,21
4823,9,32
6933,9,8
9161,9,27
4646,9,13
4657,9,10
4679,9,11
5065,9,3
4689,9,5
4693,9,5
4694,9,29
4706,9,21
9001,9,21
6499,9,8
4783,9,10
6712,9,36
4831,9,6
4876,9,20
4878,9,21
4896,9,18
4917,9,7
4942,9,16
4945,9,18
6032,9,17
4957,9,10
4986,9,21
8867,9,30
6714,9,10
7563,9,21
5007,9,7
5009,9,5
9375,9,20
5085,9,14
5127,9,33
5143,9,30
5177,9,13
8794,9,32
5235,9,19
5378,9,14
8215,9,9
5343,9,3
5347,9,14
8498,9,19
5382,9,29
5388,9,18
5428,9,19
5431,9,21
5449,9,14
6066,9,30
5472,9,22
5484,9,22
9430,9,23
5514,9,16
5529,9,4
5530,9,13
5539,9,5
5558,9,36
8181,9,13
5562,9,12
5571,9,5
5575,9,30
6673,9,35
7074,9,26
5591,9,16
5596,9,22
5599,9,16
5600,9,21
5605,9,14
5620,9,21
8754,9,15
7474,9,22
6247,9,21
5680,9,23
9320,9,23
5704,9,10
5712,9,10
5716,9,28
5720,9,26
5728,9,33
9064,9,21
5747,9,14
5756,9,21
7485,9,21
5765,9,8
5767,9,22
5827,9,14
5840,9,14
5856,9,18
5857,9,6
8221,9,19
9107,9,10
5899,9,10
5914,9,5
5936,9,5
7604,9,5
5938,9,35
5955,9,14
5957,9,30
5968,9,19
8976,9,32
7189,9,10
6025,9,29
7685,9,8
6067,9,13
6130,9,36
6133,9,22
6184,9,13
6203,9,12
6244,9,2
6253,9,19
6257,9,30
6287,9,26
6502,9,22
9079,9,5
6391,9,22
6433,9,26
6442,9,23
6447,9,7
7000,9,21
6472,9,19
6510,9,26
6516,9,21
9391,9,5
6539,9,19
6543,9,3
7503,9,21
6582,9,20
7699,9,14
7152,9,2
7514,9,7
6699,9,30
6776,9,22
6785,9,7
6795,9,28
6807,9,22
6839,9,14
6861,9,30
6873,9,22
6872,9,22
6890,9,8
6917,9,10
6928,9,3
8681,9,36
7674,9,8
6982,9,9
8518,9,22
6999,9,22
7003,9,21
7013,9,8
7065,9,8
7076,9,6
7077,9,14
7112,9,11
7119,9,20
7180,9,20
7203,9,26
9351,9,14
7217,9,14
7253,9,14
1092,9,11
7286,9,14
8669,9,2
7328,9,19
7334,9,25
7341,9,19
8365,9,13
7374,9,13
7379,9,25
7415,9,21
8485,9,26
7431,9,22
7436,9,7
7448,9,30
7487,9,23
7493,9,14
7510,9,24
7529,9,14
7539,9,8
7556,9,23
7626,9,30
8141,9,22
7900,9,10
7957,9,26
7735,9,2
7753,9,21
7763,9,21
7781,9,14
7805,9,5
7822,9,5
7912,9,18
7952,9,14
7961,9,7
8561,9,21
7994,9,25
8039,9,7
8047,9,21
8051,9,31
8055,9,22
8068,9,23
8099,9,20
8101,9,13
8104,9,14
8128,9,14
8135,9,1
8147,9,28
8201,9,13
8213,9,13
8270,9,7
8306,9,11
8342,9,19
8396,9,5
8403,9,30
8602,9,1
8475,9,32
8487,9,1
8499,9,21
8517,9,10
8570,9,10
8622,9,7
8628,9,14
8727,9,10
8823,9,22
8827,9,32
8892,9,8
8903,9,21
8929,9,30
8930,9,16
8941,9,33
8946,9,5
8950,9,4
8963,9,10
8989,9,14
9017,9,29
9053,9,14
9076,9,25
9087,9,16
9109,9,8
9133,9,3
9143,9,11
9147,9,15
9190,9,1
9193,9,29
9226,9,13
9329,9,7
9436,9,22
7070,9,30
773,9,5
457,9,18
3867,9,21
2701,9,8
8560,9,2
3109,9,18
5784,9,28
5385,9,5
4715,9,21
9248,9,1
6983,9,27
3264,9,33
4294,9,18
126,9,13
8245,9,18
1541,9,5
722,8,5
9,8,8
353,8,1
18,8,13
21,8,15
24,8,10
2491,8,18
165,8,11
5475,8,7
41,8,14
47,8,14
51,8,13
53,8,16
8062,8,16
7492,8,30
63,8,13
8339,8,23
2975,8,15
72,8,21
79,8,16
2345,8,13
83,8,14
93,8,22
953,8,8
109,8,19
7021,8,1
6326,8,18
8673,8,11
128,8,8
129,8,5
130,8,13
6968,8,7
828,8,22
7621,8,22
164,8,23
6235,8,23
8700,8,23
192,8,13
2137,8,13
196,8,5
2548,8,10
206,8,5
214,8,11
8577,8,11
218,8,22
224,8,23
241,8,16
246,8,15
2080,8,29
4676,8,32
5902,8,26
287,8,21
293,8,1
296,8,2
1030,8,36
308,8,22
316,8,1
318,8,10
328,8,3
1642,8,10
338,8,3
4789,8,3
8886,8,1
6202,8,5
361,8,21
5090,8,13
376,8,18
381,8,21
391,8,14
394,8,19
405,8,21
406,8,21
1698,8,35
449,8,35
471,8,2
5134,8,18
3278,8,23
502,8,18
504,8,8
3132,8,13
523,8,26
9137,8,22
1881,8,25
542,8,25
6468,8,7
552,8,10
8773,8,21
571,8,7
8493,8,18
576,8,11
594,8,3
611,8,18
6186,8,5
3145,8,35
662,8,30
673,8,7
678,8,26
679,8,16
9091,8,30
4617,8,11
2765,8,28
704,8,18
851,8,32
726,8,21
7231,8,19
738,8,10
1595,8,4
746,8,14
749,8,22
750,8,13
764,8,28
2870,8,23
5022,8,36
789,8,22
792,8,28
805,8,22
1507,8,21
807,8,12
4177,8,1
839,8,30
3795,8,1
7618,8,29
1493,8,1
859,8,28
6837,8,6
1906,8,25
2960,8,8
884,8,30
892,8,8
901,8,19
943,8,5
948,8,18
957,8,23
961,8,21
962,8,19
970,8,21
983,8,13
5898,8,13
986,8,26
8785,8,3
8130,8,21
1008,8,21
6177,8,11
1025,8,19
8322,8,7
4014,8,36
1039,8,18
1043,8,14
1101,8,10
1067,8,7
1275,8,7
1068,8,21
1084,8,30
1087,8,14
3713,8,2
1115,8,21
1131,8,13
1135,8,7
1142,8,10
1144,8,2
1154,8,22
1156,8,27
1920,8,27
1181,8,5
1187,8,8
1194,8,21
7555,8,30
1959,8,27
5816,8,30
1220,8,21
4329,8,0
6744,8,2
1235,8,22
7096,8,21
1253,8,24
1254,8,21
1256,8,13
1260,8,14
1259,8,7
1261,8,14
1266,8,16
1281,8,30
1283,8,30
1287,8,27
3177,8,7
1300,8,2
3825,8,2
5149,8,23
6337,8,21
1323,8,8
1328,8,13
4683,8,22
1375,8,25
3068,8,31
8293,8,23
1387,8,22
1398,8,31
1402,8,5
1406,8,30
1408,8,26
1413,8,5
1414,8,11
7007,8,21
1477,8,5
5941,8,35
1543,8,10
1449,8,31
1458,8,19
1471,8,4
5824,8,28
5319,8,19
1538,8,30
4547,8,30
6095,8,21
7849,8,1
1562,8,14
1569,8,16
1576,8,19
5838,8,26
7585,8,28
1594,8,29
7194,8,30
1597,8,1
7797,8,21
6157,8,0
1607,8,11
7276,8,34
1634,8,6
1728,8,32
1654,8,28
1666,8,14
1668,8,8
1680,8,10
4230,8,23
3602,8,22
7307,8,16
1714,8,18
5875,8,16
1726,8,10
9322,8,20
1750,8,14
6559,8,31
1769,8,23
2424,8,30
1772,8,26
1775,8,21
5214,8,21
2832,8,13
1794,8,13
8078,8,16
4152,8,21
2242,8,1
1828,8,14
5252,8,14
1841,8,30
1876,8,10
1880,8,4
8854,8,13
1884,8,10
5334,8,7
1894,8,30
7455,8,30
4572,8,3
1902,8,29
1936,8,23
1945,8,14
1957,8,14
1962,8,7
1970,8,27
8304,8,30
2001,8,21
4932,8,6
5051,8,21
2016,8,11
2018,8,21
2578,8,25
8491,8,16
2037,8,10
8879,8,10
2043,8,17
5315,8,17
2061,8,0
2066,8,22
6717,8,22
2076,8,19
2083,8,29
2098,8,21
2106,8,13
2130,8,13
4284,8,33
8692,8,36
2158,8,14
2873,8,21
2161,8,16
8013,8,22
6228,8,16
4835,8,10
9294,8,18
6739,8,21
6678,8,18
2196,8,15
2200,8,6
2205,8,7
2206,8,7
2217,8,23
2223,8,26
2233,8,15
6979,8,21
6252,8,0
5109,8,13
6570,8,14
2269,8,23
2271,8,33
2309,8,10
7055,8,22
2320,8,26
2321,8,21
5754,8,26
2328,8,21
2333,8,17
8318,8,17
8994,8,13
4895,8,18
5890,8,32
2344,8,5
7502,8,36
2350,8,18
3585,8,23
2355,8,1
2358,8,18
5764,8,15
2360,8,7
7751,8,7
2365,8,15
2366,8,19
2368,8,23
2376,8,32
2381,8,9
2391,8,14
5098,8,11
7922,8,5
2429,8,3
2435,8,24
2448,8,35
7287,8,14
2457,8,11
2466,8,22
2468,8,22
2488,8,22
2495,8,22
2503,8,30
8966,8,13
2527,8,13
2533,8,0
3039,8,28
2584,8,5
2591,8,10
2595,8,6
2598,8,11
5187,8,28
6597,8,8
2618,8,21
2634,8,28
2638,8,17
2849,8,17
2650,8,14
5708,8,18
2659,8,25
2669,8,13
6601,8,22
2762,8,10
2697,8,33
2703,8,8
2740,8,26
2746,8,1
2760,8,5
2766,8,10
2769,8,22
2875,8,22
3750,8,35
3598,8,21
2776,8,7
2793,8,10
2800,8,30
2817,8,14
2830,8,19
3105,8,19
2839,8,2
2842,8,13
3206,8,7
4315,8,2
2889,8,10
4525,8,10
2896,8,14
6641,8,29
2902,8,0
3693,8,10
2906,8,36
4912,8,15
4800,8,33
2922,8,19
3034,8,5
2943,8,22
6752,8,21
4516,8,10
5677,8,25
2990,8,30
2994,8,19
2995,8,3
6536,8,8
3001,8,26
7028,8,2
3013,8,14
4947,8,30
5087,8,5
3035,8,13
3043,8,32
3046,8,26
3066,8,10
4720,8,20
4677,8,25
7368,8,10
3082,8,7
3093,8,22
4599,8,11
8423,8,3
3108,8,21
3127,8,10
3137,8,13
3138,8,20
3151,8,13
3160,8,21
3166,8,21
3194,8,20
4664,8,28
3203,8,20
3209,8,8
3220,8,13
3243,8,14
7967,8,19
3256,8,6
3289,8,31
3306,8,5
3311,8,22
3533,8,26
3328,8,11
8203,8,11
5395,8,3
3355,8,13
3358,8,23
3359,8,22
9144,8,11
3361,8,30
3368,8,0
3373,8,20
3378,8,29
3383,8,21
6931,8,21
7998,8,21
6742,8,20
3403,8,36
3690,8,16
8745,8,13
3426,8,10
3443,8,13
3444,8,21
3452,8,20
3454,8,21
3462,8,13
3463,8,10
6088,8,10
5390,8,5
3492,8,3
3508,8,19
3513,8,5
3524,8,19
3532,8,7
5769,8,21
3551,8,13
4214,8,16
9397,8,11
3591,8,19
3605,8,10
8725,8,29
3618,8,2
3621,8,13
3623,8,26
3753,8,11
3626,8,14
6811,8,14
3627,8,11
3629,8,22
4633,8,29
3636,8,17
3650,8,0
4819,8,22
3677,8,14
4543,8,25
3720,8,21
3722,8,25
3740,8,11
3938,8,16
3743,8,19
3762,8,22
3764,8,10
9141,8,7
5699,8,10
3788,8,14
3798,8,35
3808,8,21
3809,8,11
3847,8,14
3848,8,7
8264,8,7
6422,8,3
3882,8,10
3885,8,18
3895,8,23
6087,8,11
3919,8,22
3941,8,13
4457,8,13
3944,8,5
3965,8,8
3981,8,7
3989,8,15
4011,8,11
4021,8,0
4779,8,30
4032,8,14
4046,8,14
4082,8,26
5978,8,31
4092,8,33
4108,8,20
4117,8,7
4140,8,19
4146,8,16
4151,8,22
4154,8,7
5641,8,9
4186,8,10
4190,8,2
8643,8,14
4238,8,18
4240,8,22
9080,8,0
4245,8,23
9435,8,7
4295,8,22
2215,8,5
4312,8,25
4347,8,16
4369,8,13
4698,8,17
4397,8,14
7575,8,13
4456,8,20
4470,8,0
4502,8,18
6462,8,4
4977,8,14
4551,8,20
4555,8,9
8156,8,13
4579,8,20
4585,8,19
4590,8,8
4591,8,2
4608,8,22
5557,8,30
4643,8,25
4754,8,14
4691,8,11
4697,8,7
4725,8,1
4731,8,19
4743,8,10
4744,8,23
4756,8,28
4760,8,10
4761,8,28
4770,8,30
6705,8,10
4817,8,13
6661,8,22
4830,8,13
6810,8,26
8005,8,31
5117,8,0
4884,8,28
4897,8,18
4899,8,21
4908,8,35
8011,8,15
4920,8,24
4923,8,35
4934,8,11
4949,8,17
9395,8,30
4968,8,13
4992,8,14
4995,8,21
6059,8,21
5012,8,19
5015,8,18
6360,8,18
5031,8,5
5033,8,26
5041,8,7
5043,8,10
5047,8,14
5061,8,21
5067,8,29
8496,8,15
5076,8,22
5084,8,23
5086,8,32
5145,8,21
5573,8,23
5165,8,21
6962,8,21
5168,8,7
5170,8,7
6844,8,10
7726,8,28
5191,8,26
5200,8,26
5213,8,26
5574,8,36
5233,8,11
7306,8,23
5271,8,21
5287,8,21
5296,8,21
8279,8,13
5323,8,10
5331,8,14
5332,8,13
5350,8,10
5355,8,22
7999,8,11
8056,8,8
5391,8,21
5394,8,19
6672,8,5
5404,8,7
5406,8,1
5446,8,29
5480,8,10
5505,8,18
5525,8,21
5594,8,19
5603,8,7
5611,8,21
5612,8,14
5661,8,14
5668,8,14
8519,8,23
5702,8,14
9162,8,10
5705,8,26
8629,8,28
5721,8,1
5723,8,10
5740,8,30
5745,8,13
9387,8,26
5847,8,14
5849,8,26
5868,8,10
5872,8,13
7370,8,13
5879,8,21
5892,8,28
5905,8,20
7100,8,26
5915,8,31
5922,8,13
8878,8,14
5961,8,14
5990,8,33
6002,8,14
6005,8,8
6034,8,10
6054,8,14
7233,8,14
9115,8,19
6062,8,21
9250,8,25
6064,8,30
6069,8,21
6089,8,1
6091,8,7
6109,8,25
6427,8,19
6154,8,9
9438,8,22
6158,8,11
6160,8,19
7995,8,30
6179,8,14
9236,8,21
6236,8,8
6248,8,2
6251,8,14
6254,8,14
8198,8,14
6267,8,14
6285,8,10
6306,8,1
6307,8,19
6319,8,14
8760,8,13
6348,8,1
7483,8,13
6371,8,11
6379,8,30
6381,8,30
7522,8,8
6404,8,10
6411,8,14
6415,8,27
6426,8,21
7301,8,19
4405,8,13
9367,8,4
6473,8,35
6477,8,33
6485,8,21
6494,8,26
6504,8,5
6507,8,5
6514,8,16
6524,8,0
6525,8,14
7254,8,23
6527,8,19
6534,8,26
6545,8,10
6565,8,16
6598,8,19
6625,8,8
6652,8,5
6664,8,14
6666,8,34
6668,8,22
6697,8,7
6713,8,29
6720,8,16
9342,8,18
6732,8,8
6736,8,13
6755,8,21
6759,8,10
6780,8,21
7870,8,21
6792,8,30
6809,8,5
6847,8,14
6851,8,8
6870,8,14
6876,8,19
3708,8,2
6936,8,14
8290,8,7
6967,8,5
8004,8,10
6980,8,10
6994,8,13
6995,8,29
8191,8,8
6998,8,21
7006,8,21
7044,8,21
7062,8,35
7071,8,23
7072,8,10
7080,8,35
7089,8,5
7131,8,31
5333,8,2
7164,8,19
7179,8,20
7190,8,14
7191,8,14
7225,8,21
7237,8,11
7272,8,19
7274,8,11
7298,8,13
7311,8,1
7317,8,23
7318,8,36
7322,8,21
7951,8,5
7346,8,13
7351,8,14
7378,8,5
8853,8,34
7466,8,3
7553,8,3
7468,8,26
7470,8,29
7475,8,32
7476,8,14
7482,8,16
9132,8,20
7525,8,10
7530,8,11
5789,8,8
7540,8,7
7541,8,30
7549,8,21
7551,8,26
7577,8,13
8865,8,13
7584,8,7
8568,8,11
7653,8,21
7656,8,22
7657,8,18
7658,8,29
7667,8,27
7669,8,19
7678,8,10
9153,8,7
7687,8,12
7693,8,18
7710,8,27
7716,8,14
7719,8,28
7749,8,3
7759,8,21
7762,8,16
7812,8,13
7818,8,32
7837,8,12
7845,8,17
7848,8,5
7866,8,21
7894,8,30
7906,8,8
7920,8,6
7947,8,18
7972,8,10
7991,8,30
8038,8,14
8057,8,8
8065,8,14
8170,8,26
8176,8,33
8185,8,11
8195,8,13
8197,8,13
8229,8,30
8238,8,33
8255,8,3
8269,8,7
9056,8,13
864,8,28
8334,8,23
8350,8,13
8360,8,33
9383,8,13
8407,8,23
8410,8,22
2509,8,2
8421,8,21
8439,8,19
8446,8,21
8471,8,21
8504,8,19
8581,8,17
8543,8,21
8576,8,18
8587,8,30
8615,8,7
8619,8,8
8620,8,10
8647,8,7
8666,8,26
8713,8,22
8763,8,30
8783,8,26
8791,8,5
9298,8,19
8857,8,22
8883,8,14
8902,8,22
8972,8,10
8974,8,30
8993,8,11
8995,8,13
9041,8,25
9048,8,23
9050,8,19
9075,8,5
9084,8,21
9124,8,8
9130,8,5
9191,8,36
9210,8,14
9233,8,16
9243,8,21
9267,8,21
9315,8,7
9323,8,11
8351,8,11
9344,8,8
9346,8,7
9368,8,16
9394,8,5
9402,8,23
9404,8,16
9412,8,30
9417,8,29
618,8,18
7200,8,29
677,8,32
8868,8,8
7859,8,18
6182,8,30
553,8,28
2884,8,5
2316,8,23
7700,8,10
5834,8,8
176,8,23
3150,8,32
2052,8,26
8814,8,8
6140,8,31
7709,8,12
6011,8,10
3505,8,30
6816,8,3
4166,8,5
4188,8,20
7459,8,8
6694,8,35
6309,8,19
5221,8,11
354,8,30
834,8,23
9171,8,30
8720,8,22
3468,8,10
2198,8,28
6,7,5
407,7,2
11,7,1
16,7,7
20,7,15
3382,7,15
32,7,20
37,7,23
39,7,0
40,7,2
3110,7,14
46,7,2
58,7,21
132,7,27
61,7,29
73,7,7
74,7,1
76,7,7
2308,7,16
85,7,5
86,7,14
88,7,14
96,7,8
102,7,26
5146,7,1
116,7,18
119,7,11
122,7,14
123,7,13
5627,7,5
2399,7,16
8363,7,13
265,7,27
133,7,1
135,7,14
140,7,3
193,7,3
141,7,12
142,7,14
150,7,35
167,7,23
174,7,14
178,7,23
5115,7,28
499,7,28
7587,7,16
940,7,14
8008,7,18
201,7,19
202,7,26
6572,7,26
211,7,0
217,7,14
219,7,10
222,7,35
1335,7,7
9305,7,8
239,7,25
5695,7,10
6711,7,5
244,7,2
2369,7,3
248,7,14
250,7,29
251,7,18
257,7,21
261,7,0
3085,7,21
264,7,15
7697,7,25
276,7,1
277,7,6
285,7,10
4412,7,10
6506,7,5
290,7,5
301,7,2
637,7,2
307,7,1
311,7,8
8524,7,18
321,7,5
323,7,13
6406,7,21
333,7,8
335,7,33
347,7,30
348,7,18
350,7,1
351,7,2
4189,7,30
356,7,19
5663,7,8
367,7,14
370,7,13
372,7,2
1681,7,33
5403,7,18
4663,7,17
8359,7,13
380,7,13
4467,7,26
402,7,21
404,7,14
409,7,8
7277,7,13
423,7,13
428,7,13
432,7,26
434,7,13
439,7,7
1051,7,7
3102,7,31
444,7,6
446,7,35
450,7,29
6335,7,12
460,7,21
462,7,10
466,7,16
472,7,14
606,7,3
480,7,29
1702,7,17
489,7,30
490,7,8
3883,7,10
493,7,14
500,7,26
506,7,14
514,7,6
517,7,26
3485,7,1
6850,7,10
532,7,22
539,7,16
541,7,15
548,7,21
561,7,35
563,7,29
905,7,28
566,7,21
9418,7,7
577,7,16
578,7,21
582,7,21
2750,7,22
585,7,7
587,7,21
7275,7,11
590,7,0
597,7,21
608,7,13
627,7,31
647,7,13
684,7,8
4603,7,11
693,7,8
1222,7,0
694,7,10
697,7,14
698,7,28
703,7,28
710,7,9
6207,7,23
721,7,32
725,7,21
732,7,1
735,7,26
737,7,29
744,7,20
3616,7,21
763,7,13
767,7,7
768,7,19
771,7,33
772,7,1
782,7,1
5729,7,31
787,7,36
788,7,16
8452,7,22
791,7,30
9215,7,19
6793,7,20
5497,7,7
825,7,22
806,7,21
809,7,19
814,7,21
2267,7,8
841,7,15
847,7,29
850,7,8
862,7,35
868,7,8
873,7,34
875,7,29
877,7,14
4848,7,31
885,7,10
889,7,15
891,7,14
1612,7,19
904,7,19
5774,7,19
914,7,20
1824,7,30
2643,7,12
964,7,5
965,7,5
2036,7,5
969,7,16
978,7,10
979,7,18
2934,7,26
987,7,30
7750,7,30
996,7,22
1006,7,21
1016,7,14
1019,7,29
7996,7,16
1020,7,16
1022,7,13
1027,7,29
1028,7,7
1032,7,8
1049,7,6
1054,7,14
8573,7,10
1072,7,8
1077,7,23
8798,7,11
4910,7,27
1107,7,22
1118,7,7
2555,7,33
1120,7,14
7224,7,21
1123,7,5
1127,7,8
1129,7,21
6683,7,14
1153,7,22
1161,7,26
4820,7,10
1166,7,1
1167,7,14
1929,7,30
1175,7,8
1178,7,23
1179,7,13
1191,7,21
1207,7,21
9355,7,21
1212,7,1
4791,7,1
7892,7,10
7684,7,32
2794,7,35
1224,7,2
2017,7,22
4242,7,0
1237,7,21
1239,7,26
4545,7,26
1242,7,30
8709,7,15
7938,7,14
1274,7,33
1276,7,30
1278,7,30
1284,7,10
6263,7,10
1297,7,7
1298,7,26
5536,7,25
1307,7,13
1308,7,36
1309,7,15
1311,7,21
1312,7,23
1317,7,21
8052,7,2
3507,7,21
1350,7,16
1357,7,20
1358,7,0
1373,7,25
1383,7,25
1388,7,26
1392,7,36
5080,7,22
1407,7,25
1420,7,30
1421,7,21
1433,7,4
1437,7,15
6614,7,0
1470,7,19
8676,7,12
1494,7,6
1495,7,25
4727,7,3
1501,7,30
1508,7,16
3446,7,16
1524,7,15
1525,7,22
1555,7,21
3180,7,15
1539,7,5
1544,7,21
1548,7,14
1554,7,26
1556,7,4
8273,7,4
7729,7,4
1586,7,20
1601,7,30
1605,7,30
4838,7,24
1609,7,21
2574,7,35
1641,7,29
1646,7,25
1647,7,21
1648,7,32
1665,7,17
1676,7,21
1677,7,8
2590,7,10
1683,7,25
7570,7,8
1691,7,23
1693,7,8
1700,7,3
1703,7,29
3424,7,18
1722,7,16
3470,7,16
9297,7,21
1731,7,10
4990,7,10
5113,7,19
3409,7,29
1697,7,21
1744,7,1
9149,7,8
2251,7,14
1762,7,7
1770,7,30
1776,7,14
4060,7,13
1781,7,23
8592,7,21
5036,7,2
4427,7,26
1803,7,10
1806,7,10
1810,7,7
1822,7,30
1823,7,28
1829,7,22
1835,7,18
1836,7,1
1838,7,6
1840,7,26
1842,7,31
5976,7,18
1843,7,19
1848,7,22
8116,7,22
1858,7,22
1860,7,5
8019,7,5
1871,7,33
2090,7,5
6859,7,27
1883,7,23
1885,7,0
1888,7,21
1889,7,16
5297,7,6
1895,7,16
7569,7,29
1904,7,31
1905,7,21
7481,7,5
1918,7,10
1923,7,8
8598,7,25
5354,7,23
1939,7,10
1960,7,7
2239,7,19
8990,7,14
1972,7,30
7523,7,21
3445,7,2
2673,7,35
1993,7,13
2286,7,7
1999,7,34
7714,7,34
2000,7,14
2013,7,21
8418,7,10
2024,7,5
2026,7,25
2029,7,7
2034,7,1
2038,7,25
6232,7,18
2040,7,36
2048,7,18
2049,7,17
7442,7,0
2064,7,1
2070,7,6
9366,7,36
2084,7,34
2089,7,10
6948,7,7
2147,7,9
2386,7,9
2152,7,36
2155,7,26
2162,7,22
7930,7,10
2202,7,22
7035,7,22
2388,7,9
2208,7,2
2216,7,30
2226,7,21
2243,7,31
2246,7,24
2249,7,13
2255,7,21
2273,7,33
2276,7,22
5396,7,5
2302,7,30
3947,7,22
2312,7,11
2313,7,21
2323,7,11
2334,7,21
2340,7,18
2343,7,32
2346,7,21
2349,7,5
9302,7,23
5025,7,30
2367,7,1
2370,7,16
2374,7,21
2382,7,9
2387,7,9
2426,7,11
2431,7,21
6464,7,4
2436,7,32
2438,7,15
2439,7,22
7324,7,10
2445,7,7
2447,7,22
2451,7,23
2452,7,14
2453,7,4
9396,7,13
2496,7,8
2510,7,11
2524,7,25
2525,7,21
2528,7,10
2531,7,30
4846,7,29
2542,7,8
2544,7,23
8684,7,21
2554,7,22
2561,7,31
8806,7,22
2567,7,8
2568,7,7
2579,7,1
2582,7,22
3838,7,14
2585,7,21
2586,7,21
2593,7,4
2604,7,5
7047,7,2
2606,7,25
2607,7,28
2614,7,16
2622,7,12
2670,7,36
2671,7,14
2672,7,21
2674,7,29
7397,7,29
5019,7,0
7125,7,8
2713,7,21
2714,7,5
2725,7,14
2726,7,23
8757,7,8
5502,7,21
2743,7,21
2744,7,19
2752,7,19
8349,7,7
2759,7,11
5046,7,5
2805,7,26
2806,7,11
2999,7,19
6197,7,25
2841,7,10
5442,7,11
2846,7,10
2848,7,7
2852,7,7
2855,7,25
2858,7,16
2860,7,21
2866,7,6
3434,7,14
2886,7,2
2888,7,14
2890,7,34
2900,7,0
9238,7,0
7916,7,10
2905,7,10
2920,7,21
2927,7,5
2947,7,14
2954,7,14
2959,7,13
9093,7,13
8268,7,5
2965,7,21
2983,7,21
7045,7,16
2997,7,15
3008,7,31
3009,7,26
6475,7,4
3020,7,30
3022,7,30
3028,7,17
3030,7,35
3036,7,15
3572,7,23
7440,7,31
3044,7,19
3056,7,22
3063,7,25
3065,7,21
3092,7,11
5666,7,8
3098,7,3
3104,7,19
9340,7,3
3114,7,35
3126,7,21
5267,7,21
3131,7,14
8393,7,2
3136,7,13
3140,7,36
3141,7,35
1652,7,23
3147,7,16
3154,7,35
3156,7,10
4915,7,29
3175,7,7
3515,7,31
3183,7,4
3202,7,5
4969,7,5
3208,7,30
5744,7,30
3210,7,8
3248,7,18
3254,7,21
4739,7,22
4922,7,16
4632,7,29
4658,7,22
3312,7,22
3313,7,13
4491,7,22
3643,7,18
3319,7,10
3336,7,8
3350,7,36
3354,7,26
3360,7,23
3362,7,19
3364,7,7
3371,7,9
2719,7,20
3380,7,10
3392,7,20
8209,7,21
3400,7,2
6563,7,22
3418,7,13
5547,7,14
3435,7,21
3437,7,8
3439,7,28
4530,7,13
9444,7,5
3471,7,31
3477,7,0
3481,7,30
8416,7,30
3495,7,12
4592,7,14
7935,7,7
3501,7,9
3503,7,18
3510,7,22
5714,7,10
3528,7,21
3530,7,34
3537,7,22
3542,7,29
3552,7,13
4686,7,3
3568,7,13
3571,7,5
3578,7,5
3580,7,28
3586,7,0
3590,7,7
3594,7,13
3607,7,17
3625,7,1
3631,7,21
3635,7,29
3656,7,26
3666,7,21
3672,7,14
3675,7,14
3681,7,2
3692,7,20
4615,7,30
3711,7,7
3715,7,24
3718,7,23
4303,7,5
3744,7,30
3755,7,35
3775,7,30
3780,7,8
3787,7,33
3792,7,20
3796,7,30
3802,7,3
3807,7,21
3817,7,31
3819,7,10
3822,7,22
3828,7,22
3899,7,17
3846,7,27
3851,7,7
7064,7,8
3858,7,19
3869,7,13
3872,7,19
3874,7,13
6351,7,13
3875,7,10
3876,7,16
3878,7,3
3879,7,10
3888,7,22
6820,7,2
3900,7,36
3902,7,25
3913,7,2
3915,7,4
3918,7,22
3928,7,10
5819,7,10
3933,7,14
4102,7,7
4454,7,9
3945,7,5
3950,7,29
3957,7,19
3958,7,8
3967,7,14
3968,7,8
3971,7,3
3974,7,14
3977,7,19
3982,7,7
3986,7,14
4006,7,10
9208,7,11
4029,7,23
4052,7,26
8123,7,26
4055,7,6
4067,7,30
4069,7,0
4075,7,32
6352,7,26
4090,7,18
4098,7,14
4099,7,13
7814,7,20
4134,7,23
4136,7,14
4144,7,22
4153,7,16
4179,7,23
4184,7,19
4209,7,32
6441,7,16
4241,7,26
4247,7,14
4249,7,21
5470,7,21
4250,7,0
4251,7,13
4255,7,22
4568,7,21
4277,7,11
4279,7,14
4291,7,20
4301,7,16
8698,7,16
4313,7,23
4318,7,18
8767,7,26
4333,7,19
4353,7,21
4357,7,13
8998,7,23
4366,7,21
4370,7,13
4375,7,29
4388,7,7
5280,7,21
4400,7,22
5369,7,30
4413,7,21
4416,7,15
4439,7,22
4441,7,23
4447,7,32
4451,7,18
4459,7,22
4462,7,33
4468,7,10
4481,7,23
4485,7,19
4487,7,15
4494,7,30
8624,7,5
4518,7,14
4523,7,7
5533,7,17
4533,7,20
4546,7,14
4554,7,21
5198,7,18
4560,7,10
9181,7,13
4564,7,19
4583,7,10
9260,7,10
4589,7,23
4752,7,14
4614,7,29
4974,7,26
4628,7,19
4637,7,29
4639,7,7
4640,7,14
6620,7,10
7023,7,22
4659,7,26
4660,7,26
4666,7,16
4672,7,18
4682,7,11
4684,7,30
5521,7,11
8064,7,16
4701,7,23
4702,7,22
4703,7,13
4708,7,21
4722,7,33
4726,7,11
4734,7,5
4735,7,16
4749,7,13
4755,7,5
4768,7,21
5002,7,21
4776,7,7
4797,7,30
8585,7,13
4808,7,21
4815,7,29
4873,7,0
4879,7,21
4880,7,21
4906,7,21
4935,7,10
4936,7,30
4941,7,30
4946,7,34
4958,7,21
4962,7,19
4983,7,21
4987,7,30
4989,7,30
4991,7,21
4997,7,21
4999,7,30
5000,7,18
7889,7,13
5017,7,7
5055,7,32
5064,7,9
5066,7,21
5075,7,22
6147,7,32
5095,7,12
5100,7,8
5105,7,1
5118,7,16
5124,7,22
5138,7,8
5140,7,1
5155,7,26
5172,7,21
5182,7,30
5193,7,35
5206,7,6
5220,7,28
5223,7,34
5234,7,30
8593,7,5
5241,7,11
5244,7,12
5268,7,23
5269,7,19
5283,7,31
5291,7,4
5295,7,16
5303,7,13
5313,7,30
7646,7,21
5707,7,21
5336,7,8
5337,7,22
5341,7,14
5349,7,17
5386,7,5
5398,7,27
5399,7,14
5409,7,6
5413,7,22
5421,7,20
5424,7,29
5438,7,2
6881,7,22
5450,7,30
5451,7,25
5454,7,30
5456,7,8
5457,7,7
5465,7,11
5476,7,5
6344,7,3
5492,7,11
5499,7,14
5508,7,13
5512,7,20
5513,7,27
5517,7,10
5522,7,8
5538,7,5
5540,7,2
5546,7,7
8312,7,13
5548,7,14
5576,7,28
5582,7,5
5583,7,8
5590,7,26
5616,7,7
5628,7,15
5870,7,2
5646,7,26
5829,7,22
5651,7,14
5655,7,8
5664,7,22
5671,7,10
5675,7,21
8494,7,5
5694,7,2
8083,7,10
5703,7,10
7771,7,18
5710,7,14
5715,7,10
5718,7,10
5722,7,8
5727,7,3
7633,7,3
5751,7,33
5761,7,21
5798,7,5
5799,7,19
8027,7,25
5809,7,5
5814,7,16
5818,7,10
5820,7,10
8225,7,18
5861,7,10
5866,7,31
5876,7,21
5878,7,10
5889,7,28
5896,7,7
5897,7,19
5906,7,10
5920,7,13
5921,7,26
5924,7,33
5929,7,22
6615,7,7
5951,7,21
5958,7,26
5969,7,4
6007,7,14
6008,7,15
6031,7,21
6033,7,22
6044,7,6
6052,7,29
6058,7,14
6061,7,19
6070,7,21
6078,7,25
6080,7,7
6083,7,1
6086,7,10
6121,7,23
6122,7,19
6152,7,2
6153,7,5
6159,7,8
6161,7,30
6169,7,21
6170,7,25
6175,7,8
6915,7,16
6198,7,21
6210,7,21
6223,7,11
6225,7,18
6241,7,1
8769,7,27
6266,7,16
6268,7,17
6273,7,15
6288,7,21
6606,7,21
6308,7,1
6314,7,7
6321,7,21
6325,7,13
6332,7,7
7027,7,21
6339,7,14
6342,7,1
6347,7,19
6358,7,21
6553,7,3
6364,7,21
6373,7,26
6376,7,7
6394,7,22
7175,7,14
6430,7,8
6446,7,13
6453,7,13
6456,7,13
6467,7,11
6482,7,21
6493,7,32
6505,7,5
6515,7,3
6522,7,30
7486,7,30
6531,7,14
6544,7,11
9224,7,18
6576,7,21
6583,7,19
6586,7,30
6607,7,28
6608,7,14
6609,7,14
6633,7,35
7733,7,3
6660,7,19
8626,7,34
6669,7,5
6690,7,23
6704,7,5
6706,7,27
8036,7,20
6750,7,22
6758,7,7
6765,7,8
6766,7,16
6768,7,14
6788,7,21
7875,7,3
6802,7,7
6831,7,8
6833,7,5
6843,7,15
7332,7,30
6863,7,14
6878,7,33
6888,7,16
6891,7,19
6927,7,29
6929,7,28
6930,7,36
6941,7,17
6953,7,21
6966,7,14
6972,7,10
6973,7,26
6986,7,14
6989,7,30
6990,7,28
7019,7,21
7024,7,3
7025,7,30
7034,7,21
7038,7,36
5284,7,8
7053,7,14
7059,7,30
7139,7,30
7084,7,30
7093,7,21
7095,7,18
7109,7,10
7121,7,21
7126,7,22
7127,7,16
7142,7,27
7147,7,17
7148,7,10
7166,7,14
7169,7,3
9030,7,23
7177,7,20
7181,7,20
7192,7,4
7199,7,10
7207,7,23
7257,7,8
7260,7,10
7262,7,14
7279,7,26
7280,7,10
7283,7,15
7285,7,23
7289,7,10
7293,7,3
7305,7,16
7330,7,16
7348,7,30
8386,7,4
7367,7,16
7371,7,15
7376,7,18
7377,7,5
7410,7,16
7424,7,19
7426,7,10
7427,7,26
7430,7,17
7439,7,7
8243,7,22
7447,7,14
7463,7,19
7532,7,21
7473,7,10
8752,7,1
7501,7,33
7513,7,17
7519,7,2
7524,7,14
7543,7,1
7559,7,18
7565,7,21
7582,7,21
7634,7,7
7650,7,7
3100,7,27
7668,7,20
7672,7,16
7681,7,7
7688,7,9
7692,7,14
7701,7,2
7707,7,22
7708,7,7
7717,7,10
7727,7,26
7736,7,16
7742,7,21
9347,7,7
7757,7,21
7758,7,21
7760,7,10
7761,7,21
7778,7,5
7785,7,27
7788,7,25
7817,7,21
7823,7,12
7825,7,28
7827,7,21
7829,7,5
7842,7,21
7843,7,13
7853,7,13
7855,7,27
7857,7,21
8840,7,21
7862,7,29
7869,7,25
7872,7,32
7877,7,21
7880,7,5
7891,7,30
9042,7,11
7899,7,7
7901,7,35
7913,7,30
7915,7,20
7934,7,13
7946,7,35
7956,7,5
7968,7,22
8018,7,17
8021,7,11
8041,7,18
8046,7,20
8071,7,7
8077,7,16
8093,7,2
8103,7,16
8110,7,31
8124,7,14
8157,7,7
4253,7,13
8256,7,11
8231,7,18
8250,7,13
8274,7,4
8276,7,7
8283,7,23
8284,7,11
8311,7,7
384,7,30
8417,7,3
8422,7,26
3087,7,5
8432,7,21
8435,7,13
8455,7,21
8465,7,11
8468,7,21
8478,7,10
8489,7,16
8503,7,16
8512,7,14
8515,7,20
8521,7,15
8525,7,21
8526,7,7
8534,7,18
8541,7,17
8547,7,3
8552,7,0
8553,7,23
9341,7,12
8584,7,14
8586,7,21
8616,7,5
8636,7,36
8642,7,7
8644,7,25
8677,7,20
8685,7,7
8690,7,1
8697,7,15
8732,7,28
7099,7,28
8739,7,7
8755,7,32
8780,7,21
8803,7,22
8805,7,22
8817,7,21
8818,7,3
8953,7,7
8856,7,8
8874,7,7
8884,7,14
8888,7,7
8890,7,25
8893,7,30
8899,7,2
8918,7,34
8920,7,21
8939,7,19
8943,7,22
8954,7,29
8962,7,21
8985,7,16
8987,7,14
8991,7,22
9012,7,7
9016,7,22
9036,7,23
9055,7,26
9062,7,32
9074,7,0
9077,7,21
9095,7,11
9102,7,18
9108,7,10
9111,7,8
9145,7,34
9148,7,16
9176,7,14
9177,7,19
9184,7,16
9216,7,14
9222,7,17
9223,7,25
9268,7,3
9282,7,13
9310,7,21
9312,7,21
9328,7,7
9337,7,8
9339,7,8
9343,7,21
9354,7,13
9389,7,5
9392,7,28
8445,7,30
9437,7,22
9443,7,20
2056,7,5
4197,7,27
2168,7,18
3229,7,13
6619,7,28
5985,7,15
3419,7,18
9445,7,5
5910,7,27
5886,7,30
3412,7,27
4307,7,23
927,7,15
742,7,23
3946,7,0
8715,7,35
6698,7,2
5306,7,1
2651,7,12
1369,7,21
9037,7,11
1755,7,8
2257,7,32
6691,7,12
3379,7,11
9357,7,32
2149,7,32
272,7,32
1682,7,8
9230,7,15
2617,7,23
4988,7,5
8704,7,25
1944,7,18
5654,7,2
2572,7,23
342,6,3
4,6,3
13,6,10
14,6,3
4343,6,4
23,6,10
5344,6,10
5909,6,11
27,6,17
34,6,21
38,6,7
1825,6,7
45,6,15
50,6,22
64,6,2
68,6,2
69,6,30
77,6,16
81,6,13
80,6,13
82,6,23
84,6,14
7980,6,14
89,6,13
95,6,5
780,6,6
8610,6,17
106,6,33
108,6,15
8996,6,15
110,6,32
112,6,30
118,6,16
117,6,26
121,6,2
188,6,13
124,6,3
3119,6,13
127,6,25
2353,6,1
138,6,21
3090,6,27
1193,6,2
143,6,19
1873,6,34
6803,6,13
166,6,13
422,6,17
187,6,16
190,6,26
327,6,5
209,6,14
220,6,5
221,6,5
231,6,1
234,6,18
238,6,10
6439,6,25
240,6,10
242,6,35
2396,6,30
4359,6,4
262,6,21
6155,6,15
286,6,5
295,6,10
298,6,1
6355,6,5
305,6,36
313,6,31
330,6,19
5783,6,19
336,6,33
366,6,4
341,6,30
343,6,23
349,6,3
5243,6,2
8259,6,10
2557,6,8
368,6,8
374,6,33
375,6,3
377,6,23
378,6,17
3179,6,36
390,6,26
2454,6,8
415,6,23
421,6,4
429,6,7
431,6,10
2720,6,13
435,6,21
3139,6,21
436,6,2
442,6,16
7480,6,12
459,6,26
1013,6,26
1472,6,19
478,6,7
483,6,30
505,6,24
7185,6,14
509,6,2
510,6,18
5567,6,10
525,6,30
535,6,11
537,6,19
4338,6,30
540,6,21
544,6,8
7599,6,21
551,6,7
554,6,21
6555,6,16
560,6,31
565,6,28
574,6,10
575,6,25
584,6,21
586,6,21
588,6,11
3246,6,3
609,6,36
614,6,10
615,6,22
5426,6,30
617,6,30
620,6,22
621,6,11
638,6,2
640,6,20
645,6,2
653,6,25
654,6,24
659,6,18
665,6,32
5810,6,3
1540,6,5
674,6,14
6774,6,16
683,6,31
696,6,21
711,6,16
3006,6,5
728,6,30
8134,6,1
733,6,10
734,6,14
5506,6,20
745,6,0
4981,6,14
753,6,21
770,6,11
774,6,8
776,6,2
777,6,12
779,6,18
6932,6,21
781,6,8
6913,6,8
785,6,30
795,6,19
804,6,19
3595,6,25
819,6,11
820,6,7
4195,6,34
824,6,22
826,6,9
827,6,22
836,6,7
4034,6,13
844,6,19
848,6,8
849,6,29
855,6,22
858,6,14
860,6,22
861,6,23
3988,6,35
879,6,31
882,6,3
2099,6,16
887,6,4
5069,6,15
894,6,13
895,6,20
898,6,32
902,6,23
903,6,21
920,6,26
2014,6,6
6988,6,25
932,6,22
936,6,30
937,6,6
944,6,5
945,6,30
949,6,26
952,6,28
7944,6,22
980,6,21
984,6,13
8728,6,3
997,6,30
1596,6,30
1001,6,29
1011,6,5
1015,6,17
1018,6,7
1029,6,21
4814,6,30
9434,6,4
8959,6,8
1694,6,14
1075,6,30
1079,6,16
1086,6,23
1089,6,15
1093,6,11
3005,6,2
1105,6,7
7703,6,22
1112,6,9
5635,6,0
1122,6,21
3767,6,7
1137,6,16
1140,6,2
1145,6,1
1168,6,30
1176,6,25
2693,6,23
1190,6,21
1211,6,30
1213,6,11
1216,6,16
1219,6,7
5604,6,18
1223,6,35
1226,6,21
1229,6,21
1231,6,7
6801,6,7
1233,6,2
1234,6,26
1240,6,14
1244,6,15
1250,6,13
5114,6,28
1251,6,21
1263,6,21
1267,6,19
1271,6,17
1273,6,20
1277,6,14
1286,6,14
1288,6,10
1291,6,31
3327,6,31
1303,6,25
7016,6,21
1316,6,8
1333,6,16
1337,6,20
1339,6,2
1342,6,28
1352,6,4
1363,6,14
1364,6,26
1367,6,21
1368,6,14
1372,6,23
1386,6,0
1400,6,7
1426,6,15
1434,6,35
1435,6,30
1439,6,10
4875,6,5
1443,6,17
1446,6,2
1454,6,17
1455,6,23
2667,6,8
1462,6,3
1463,6,10
1474,6,12
1475,6,28
1478,6,23
1491,6,13
1496,6,3
1498,6,10
1500,6,8
1503,6,27
1505,6,5
1516,6,11
1517,6,22
1519,6,7
1521,6,17
8179,6,13
1534,6,21
1535,6,10
4215,6,10
1565,6,2
1567,6,30
1568,6,30
1575,6,3
1578,6,4
3539,6,16
1583,6,29
1593,6,30
1599,6,21
1606,6,20
1614,6,10
1621,6,20
7303,6,33
1622,6,35
8792,6,36
1630,6,1
3634,6,16
1636,6,18
6136,6,35
1658,6,21
1659,6,13
5211,6,13
1661,6,27
1706,6,6
1709,6,5
1716,6,16
1729,6,21
1733,6,29
1742,6,0
2114,6,0
1748,6,12
1749,6,18
1751,6,14
1756,6,3
1766,6,5
7616,6,5
1768,6,31
2733,6,23
1777,6,13
1787,6,21
1790,6,19
1796,6,11
1797,6,34
1802,6,5
1805,6,6
1807,6,26
1808,6,8
4966,6,8
1812,6,16
4956,6,28
1844,6,19
1846,6,30
1847,6,34
3201,6,11
1857,6,21
1874,6,25
2825,6,29
1890,6,14
1891,6,21
1898,6,1
1560,6,1
1909,6,26
1913,6,12
1914,6,13
1919,6,14
1921,6,20
4757,6,8
1926,6,3
1928,6,10
1943,6,9
4148,6,9
1948,6,14
7413,6,26
1951,6,8
1958,6,33
1961,6,19
1964,6,14
1965,6,23
1969,6,22
1984,6,29
1990,6,5
1991,6,22
1997,6,10
8601,6,10
2002,6,10
2004,6,32
2008,6,13
7550,6,16
2015,6,10
8394,6,14
6200,6,4
2039,6,18
2058,6,13
3341,6,11
2082,6,21
2085,6,10
2113,6,33
4137,6,20
2121,6,31
2123,6,13
4182,6,10
2136,6,14
2138,6,11
6293,6,11
2148,6,1
2150,6,14
2151,6,22
2169,6,11
2175,6,21
2176,6,22
2177,6,8
2182,6,30
2189,6,35
2197,6,10
2201,6,5
2211,6,33
2220,6,19
5950,6,23
1896,6,21
2238,6,21
5735,6,2
2241,6,21
2247,6,13
2253,6,4
2259,6,30
2274,6,26
2281,6,21
2287,6,13
2289,6,10
2293,6,22
2299,6,13
2304,6,33
2310,6,1
2335,6,36
2339,6,22
2347,6,16
2348,6,26
4169,6,5
2354,6,1
2363,6,30
2364,6,7
5302,6,23
4232,6,7
2377,6,3
2385,6,9
2389,6,3
3163,6,3
6085,6,14
2400,6,19
2401,6,1
2402,6,11
2412,6,13
2413,6,22
2418,6,8
2425,6,26
2427,6,28
2432,6,36
2442,6,10
2455,6,14
2456,6,14
2460,6,7
2464,6,1
6000,6,21
2465,6,21
2467,6,18
9034,6,5
2511,6,28
6180,6,31
2537,6,8
5610,6,21
2540,6,28
2541,6,13
2550,6,5
2553,6,21
4758,6,8
2565,6,22
2569,6,5
2587,6,28
2596,6,26
2626,6,19
2631,6,21
3440,6,30
2645,6,16
2652,6,35
2654,6,33
2657,6,14
2660,6,0
2661,6,22
2662,6,7
2664,6,7
8765,6,14
2676,6,7
2677,6,10
2681,6,3
2682,6,14
2686,6,21
5212,6,8
2690,6,0
2692,6,31
2694,6,22
2696,6,22
2698,6,14
2708,6,22
2709,6,7
2710,6,10
2727,6,23
2728,6,23
2735,6,21
2736,6,14
2737,6,30
5644,6,30
2757,6,7
2764,6,11
2770,6,19
2773,6,22
2774,6,30
2779,6,31
8028,6,31
2783,6,15
6217,6,30
2795,6,34
9319,6,34
2798,6,14
2820,6,25
7548,6,29
2829,6,26
2836,6,14
7165,6,13
2844,6,30
2847,6,5
2854,6,2
2872,6,36
2883,6,21
2885,6,2
896,6,34
2899,6,36
6882,6,36
2909,6,8
2912,6,15
2914,6,21
2930,6,15
2939,6,27
2942,6,14
2951,6,13
2956,6,9
2962,6,5
2976,6,27
2977,6,10
2979,6,13
2980,6,10
2985,6,27
9040,6,22
3053,6,21
3010,6,21
3017,6,4
3024,6,1
3026,6,22
3029,6,5
3037,6,18
3038,6,29
3040,6,1
3047,6,33
3048,6,15
3058,6,5
5813,6,5
3061,6,33
3062,6,5
5949,6,10
3069,6,25
3084,6,29
3088,6,10
7294,6,17
3117,6,10
3118,6,18
5630,6,18
3123,6,30
3129,6,10
3133,6,2
3135,6,16
3144,6,23
3162,6,21
5998,6,4
3190,6,4
3198,6,28
3200,6,31
3204,6,29
3207,6,7
3211,6,8
3217,6,5
3226,6,26
3231,6,31
3232,6,21
3235,6,21
7571,6,11
3252,6,3
3255,6,35
5479,6,35
3260,6,22
3261,6,18
3270,6,8
3272,6,18
3291,6,13
3294,6,15
3295,6,26
3298,6,14
3300,6,3
7516,6,29
3309,6,16
3315,6,18
3317,6,23
3318,6,19
3323,6,31
3330,6,21
3340,6,19
5417,6,27
3365,6,16
8670,6,0
3399,6,21
3401,6,21
3406,6,14
3408,6,5
3414,6,13
3429,6,23
3442,6,16
3453,6,29
4368,6,13
3472,6,16
3474,6,1
3483,6,7
3486,6,14
3487,6,18
3496,6,25
3500,6,19
3506,6,29
3509,6,7
3531,6,22
3540,6,13
3546,6,15
3565,6,3
3582,6,16
8936,6,31
3587,6,14
3593,6,14
3601,6,8
3604,6,22
3609,6,29
3612,6,26
3619,6,24
3620,6,13
3632,6,15
3645,6,0
3647,6,1
4017,6,26
3662,6,26
3663,6,29
3667,6,8
3670,6,9
3673,6,14
3683,6,30
3689,6,29
4773,6,20
3697,6,22
3702,6,25
3727,6,31
3729,6,13
3735,6,16
3737,6,10
3742,6,16
8927,6,5
3761,6,28
3773,6,16
3793,6,6
3794,6,33
3837,6,17
3839,6,5
3939,6,5
3843,6,23
3953,6,27
3853,6,22
3854,6,8
3860,6,16
3862,6,7
3865,6,8
3871,6,8
3877,6,32
3886,6,26
6106,6,2
3897,6,21
3903,6,19
3911,6,16
3914,6,23
3926,6,23
3935,6,9
3952,6,16
3960,6,17
3961,6,10
4080,6,5
3980,6,16
3991,6,30
3992,6,7
4007,6,9
4273,6,9
4018,6,14
4020,6,19
4022,6,6
4023,6,15
4025,6,21
4035,6,29
4048,6,17
4057,6,35
5732,6,35
4061,6,25
4070,6,8
4073,6,21
4093,6,14
7432,6,14
4114,6,30
4118,6,7
4133,6,14
4143,6,16
4147,6,11
4168,6,7
4172,6,15
4173,6,8
4183,6,11
4185,6,0
4200,6,17
4206,6,7
4225,6,16
4231,6,5
299,6,5
4235,6,2
4246,6,26
7030,6,26
4248,6,7
4254,6,14
5649,6,14
4258,6,4
4259,6,22
4280,6,6
4281,6,14
4283,6,7
4286,6,6
5734,6,7
4292,6,7
4306,6,21
4309,6,7
4320,6,10
4323,6,11
4324,6,30
4328,6,16
4332,6,25
9257,6,19
4341,6,28
4342,6,26
4350,6,11
7216,6,29
4355,6,10
4356,6,22
4361,6,23
4372,6,13
4376,6,10
7534,6,10
4377,6,30
4378,6,31
4379,6,18
4381,6,10
4382,6,25
4383,6,36
4390,6,15
5796,6,25
4394,6,5
4396,6,15
4399,6,30
4407,6,5
4410,6,26
4411,6,5
5203,6,10
4421,6,23
4424,6,5
4438,6,27
4440,6,15
1228,6,32
4449,6,33
4464,6,7
4465,6,13
4498,6,11
4500,6,30
4510,6,33
4512,6,7
4514,6,1
4515,6,10
4519,6,0
8696,6,30
4870,6,32
4544,6,2
4548,6,30
4552,6,30
7004,6,21
4559,6,18
4563,6,13
4577,6,32
4581,6,11
4588,6,30
4618,6,6
4619,6,22
4622,6,14
4623,6,21
4635,6,16
4645,6,13
4647,6,29
4648,6,23
4661,6,30
4670,6,30
4671,6,1
4673,6,14
4695,6,14
8870,6,22
4705,6,30
4716,6,22
6858,6,11
4721,6,8
4738,6,28
4741,6,30
4753,6,14
4762,6,26
8287,6,18
4795,6,36
4796,6,36
4801,6,13
6653,6,11
4821,6,8
4824,6,14
4829,6,16
4842,6,7
4845,6,16
4850,6,34
4851,6,18
5520,6,18
4867,6,30
4889,6,14
4901,6,28
4913,6,15
4914,6,2
4927,6,33
6414,6,10
8120,6,30
4937,6,14
4943,6,7
4952,6,30
4954,6,19
4964,6,1
7644,6,13
4984,6,8
4985,6,10
4996,6,14
4998,6,3
5003,6,21
5006,6,3
5018,6,30
5026,6,5
5032,6,13
5035,6,8
6356,6,8
5044,6,7
5045,6,33
5053,6,16
5059,6,23
5062,6,31
5392,6,23
5074,6,20
5078,6,22
7795,6,19
5103,6,19
5104,6,15
1502,6,0
5169,6,7
5174,6,13
5178,6,28
5181,6,10
5195,6,3
5202,6,26
5216,6,3
5226,6,28
5232,6,29
5236,6,21
5240,6,3
5029,6,3
7251,6,36
5251,6,20
5254,6,15
5257,6,14
5278,6,15
5281,6,16
9364,6,31
5289,6,28
5320,6,10
5321,6,11
5339,6,19
5340,6,5
7083,6,14
7780,6,36
5357,6,33
5373,6,16
5375,6,13
5376,6,19
5387,6,5
5393,6,12
5401,6,28
8654,6,14
5402,6,23
5433,6,8
5440,6,29
5461,6,25
5469,6,36
5471,6,5
5474,6,4
5581,6,4
5960,6,10
5481,6,25
5483,6,20
5485,6,16
5501,6,15
6094,6,21
5519,6,6
7963,6,4
5541,6,35
5544,6,23
5545,6,7
5549,6,16
5550,6,19
5552,6,30
5554,6,19
5556,6,5
5559,6,13
5561,6,27
5564,6,29
5570,6,5
5584,6,13
5608,6,15
5622,6,21
5631,6,10
5637,6,16
5643,6,15
5656,6,16
5662,6,25
5826,6,22
5667,6,15
5678,6,23
5679,6,18
5682,6,5
5684,6,21
5688,6,21
5689,6,30
5692,6,3
5696,6,23
5698,6,23
8958,6,1
5725,6,19
5730,6,30
5733,6,6
5736,6,1
4122,6,1
5770,6,5
5782,6,21
5802,6,21
5805,6,14
5806,6,26
5817,6,30
5821,6,29
5822,6,13
5825,6,28
5836,6,21
5837,6,13
5844,6,10
5851,6,30
5858,6,14
5865,6,8
5873,6,36
5877,6,8
5882,6,21
5901,6,34
7040,6,31
5919,6,17
5926,6,16
5939,6,22
5940,6,35
5942,6,22
5943,6,30
9114,6,24
8400,6,7
5967,6,21
5971,6,13
5980,6,10
5989,6,7
6014,6,26
6018,6,14
6021,6,13
6022,6,13
6023,6,28
6028,6,14
6037,6,30
6053,6,14
6063,6,7
6090,6,6
6092,6,12
6097,6,21
6108,6,1
6112,6,14
6114,6,21
6115,6,10
6558,6,6
6116,6,30
6117,6,22
6126,6,11
6128,6,29
8484,6,33
6156,6,1
6718,6,20
6183,6,28
6188,6,14
6199,6,21
6215,6,14
6238,6,22
6243,6,31
6246,6,26
6259,6,8
6261,6,3
6265,6,22
6278,6,12
6279,6,9
6289,6,28
6295,6,30
6297,6,25
6302,6,11
6310,6,12
6318,6,21
6324,6,13
6333,6,21
6359,6,18
6361,6,30
6372,6,21
6375,6,23
6378,6,23
6385,6,35
6387,6,10
6397,6,4
3476,6,30
6399,6,5
6412,6,14
6431,6,5
6434,6,26
6436,6,13
6437,6,2
6449,6,28
6451,6,14
6457,6,13
6461,6,35
6463,6,21
6466,6,11
6957,6,27
6479,6,16
6492,6,26
2183,6,32
6497,6,33
6503,6,16
6518,6,24
6521,6,8
6540,6,20
6541,6,5
6542,6,32
6546,6,3
6547,6,5
6552,6,7
6581,6,14
6589,6,25
6596,6,16
6600,6,14
6602,6,19
6604,6,8
6623,6,2
6626,6,21
6627,6,14
6628,6,25
6631,6,11
6632,6,7
6640,6,30
6642,6,15
6651,6,35
6662,6,16
7933,6,1
6663,6,27
6677,6,0
6680,6,25
6681,6,1
8037,6,29
6689,6,5
6701,6,22
6703,6,18
6707,6,20
6710,6,1
6724,6,18
8952,6,18
6726,6,33
6741,6,8
6757,6,32
6767,6,17
6771,6,12
6777,6,20
6778,6,23
6782,6,5
6800,6,14
6817,6,18
6889,6,8
6818,6,0
6826,6,16
6832,6,29
6840,6,35
6852,6,20
6857,6,35
6871,6,22
6877,6,6
6886,6,8
6893,6,2
6903,6,8
6912,6,11
6938,6,27
6947,6,7
6950,6,5
7198,6,26
6954,6,10
6956,6,5
6969,6,10
6975,6,19
7002,6,21
7005,6,21
7008,6,25
7022,6,30
7026,6,13
7033,6,12
7037,6,24
7039,6,1
7042,6,8
7049,6,13
7050,6,21
8112,6,34
7063,6,21
7068,6,5
7069,6,27
7078,6,30
7082,6,14
7092,6,18
7094,6,14
7104,6,8
7138,6,21
7157,6,27
7158,6,2
7170,6,4
7178,6,20
7193,6,7
7208,6,13
7221,6,26
7226,6,21
7228,6,10
7230,6,5
7236,6,21
7246,6,21
7256,6,23
7259,6,22
7309,6,29
7319,6,13
7320,6,13
7325,6,2
7331,6,12
7338,6,5
7342,6,19
7343,6,30
7344,6,19
7349,6,16
7352,6,14
7355,6,14
7372,6,5
7373,6,28
7388,6,7
7392,6,3
7393,6,11
7407,6,14
7412,6,33
7441,6,5
8572,6,30
7445,6,25
7460,6,5
7472,6,21
7488,6,8
7489,6,21
7497,6,13
7508,6,28
7511,6,14
7521,6,30
7531,6,19
7547,6,35
7579,6,16
7593,6,7
7596,6,5
7602,6,29
7606,6,28
7611,6,32
7613,6,3
7614,6,36
7641,6,1
7642,6,15
7643,6,5
7652,6,30
7654,6,22
7661,6,20
7662,6,10
7670,6,3
8789,6,10
7686,6,16
7695,6,0
7698,6,4
7704,6,0
7706,6,13
7713,6,11
7718,6,14
7720,6,32
7737,6,33
7738,6,31
7747,6,25
7748,6,10
7774,6,14
7796,6,25
7808,6,5
7811,6,19
8121,6,19
7815,6,20
7820,6,33
7824,6,0
7830,6,16
7854,6,30
7863,6,35
7864,6,14
7884,6,17
7885,6,17
7895,6,11
7905,6,13
7908,6,3
7909,6,22
7911,6,7
7914,6,18
7928,6,21
7931,6,14
7943,6,25
7950,6,5
7637,6,35
7959,6,13
7970,6,27
7975,6,14
7982,6,32
7986,6,0
8000,6,5
8010,6,16
8017,6,19
8023,6,22
8053,6,14
8072,6,11
8073,6,31
8076,6,8
8088,6,29
8095,6,26
8105,6,5
8106,6,5
8140,6,22
8144,6,14
8152,6,10
8166,6,20
8178,6,9
8188,6,14
8194,6,13
8202,6,33
8211,6,6
8253,6,14
8277,6,16
8278,6,15
8282,6,28
8285,6,2
8288,6,11
8295,6,25
8301,6,14
8313,6,21
7271,6,21
8793,6,25
4402,6,13
8358,6,13
8537,6,13
8375,6,7
8387,6,23
8404,6,31
8413,6,2
8420,6,3
8424,6,5
8425,6,21
8428,6,29
8431,6,8
8437,6,16
8444,6,22
8450,6,13
8459,6,14
8470,6,19
8469,6,21
8477,6,28
8481,6,4
8509,6,21
8523,6,27
8528,6,14
8529,6,21
8536,6,21
8548,6,13
8550,6,21
8555,6,30
8588,6,26
8591,6,1
8605,6,16
8608,6,4
8627,6,21
8635,6,28
8639,6,18
8665,6,2
8674,6,23
8675,6,14
8686,6,8
8691,6,14
8693,6,7
8695,6,21
8701,6,30
8706,6,8
8707,6,7
2949,6,22
8717,6,26
8730,6,14
8734,6,28
8735,6,3
8740,6,13
8764,6,14
8788,6,21
8796,6,25
8799,6,2
8802,6,14
8811,6,32
8815,6,10
8835,6,1
8836,6,26
8837,6,30
4549,6,30
8847,6,32
8852,6,19
8876,6,22
8889,6,30
8894,6,21
8898,6,21
8904,6,5
8905,6,30
8907,6,3
8912,6,11
8914,6,19
8915,6,10
8922,6,22
8932,6,10
8957,6,21
8960,6,3
8968,6,21
8971,6,6
8975,6,14
8986,6,23
8988,6,14
9002,6,29
9007,6,5
9009,6,14
9010,6,11
9013,6,23
9051,6,34
9057,6,1
9058,6,6
9066,6,5
9082,6,36
9085,6,5
9086,6,20
9088,6,21
9089,6,31
9096,6,14
9120,6,23
9123,6,12
9129,6,23
9142,6,12
9152,6,31
9156,6,26
9158,6,20
9194,6,28
9195,6,5
9206,6,30
9209,6,21
9211,6,22
9220,6,32
9232,6,25
9234,6,21
9263,6,23
9275,6,10
9278,6,0
9281,6,14
9286,6,23
9300,6,23
9311,6,29
9331,6,23
9362,6,13
9374,6,13
9377,6,21
9381,6,14
9399,6,17
9400,6,23
9408,6,22
9419,6,33
9441,6,14
2802,6,29
3504,6,23
4540,6,22
636,6,13
1071,6,18
1038,6,15
9029,6,9
7591,6,5
3377,6,3
6384,6,35
8333,6,8
4933,6,20
706,6,13
2244,6,22
8177,6,18
2724,6,23
6488,6,4
8843,6,20
5179,6,8
4088,6,0
4072,6,31
9118,6,2
5342,6,28
8909,6,18
9092,6,9
5136,6,21
7624,6,31
3222,6,13
6796,6,10
7268,6,31
4636,6,30
497,6,0
8267,6,28
5693,6,30
1442,6,5
7204,6,5
6946,6,34
7638,6,35
6823,6,30
7992,6,25
831,6,8
2209,6,34
686,6,11
3411,6,5
9393,6,27
6829,6,11
208,6,13
511,6,13
1041,6,5
1203,6,23
5260,6,5
1134,6,0
2423,6,18
2126,6,30
1201,6,1
3856,6,22
4612,6,12
3449,6,2
8983,6,30
1624,6,13
1370,6,31
6679,6,3
5494,6,1
6481,6,11
2,5,2
3,5,3
2941,5,12
8392,5,16
6137,5,28
87,5,16
91,5,5
8405,5,8
98,5,11
8084,5,5
1882,5,27
2129,5,13
5345,5,35
692,5,17
158,5,13
8649,5,29
2668,5,28
642,5,2
346,5,6
267,5,30
4160,5,15
306,5,2
4056,5,34
8102,5,31
452,5,23
8308,5,18
2063,5,19
3570,5,30
4423,5,34
4490,5,0
8753,5,36
515,5,6
9003,5,11
624,5,18
6068,5,11
625,5,23
644,5,2
667,5,2
5083,5,30
709,5,9
3353,5,23
5709,5,31
866,5,34
909,5,30
922,5,6
4550,5,19
3370,5,17
1564,5,10
682,5,30
3432,5,5
995,5,30
1002,5,24
1069,5,11
1070,5,5
1082,5,29
1113,5,4
1139,5,13
6425,5,12
1215,5,31
5907,5,30
1249,5,11
1932,5,17
8275,5,30
7607,5,8
1327,5,15
1344,5,5
4950,5,22
1415,5,25
1468,5,7
3651,5,20
1529,5,8
1572,5,26
1629,5,31
1672,5,36
1684,5,6
6408,5,23
1720,5,23
1737,5,21
1739,5,23
2501,5,5
1771,5,31
1780,5,31
1830,5,20
8063,5,13
1875,5,4
1912,5,4
1966,5,15
1643,5,27
2030,5,23
2653,5,22
2160,5,29
2199,5,1
2203,5,9
7471,5,5
6465,5,17
2450,5,16
6019,5,10
2473,5,22
8726,5,35
4535,5,28
2680,5,28
2784,5,4
2810,5,8
2840,5,13
3881,5,26
3155,5,27
3055,5,15
3060,5,18
3083,5,19
3130,5,16
3182,5,31
4566,5,31
3236,5,27
3322,5,26
3331,5,28
3342,5,5
8414,5,18
3646,5,25
3855,5,36
4924,5,4
4024,5,30
4030,5,23
6719,5,25
4078,5,30
1150,5,30
4130,5,17
5592,5,17
4205,5,27
4227,5,1
4300,5,2
5132,5,28
4409,5,34
4484,5,26
558,5,19
4504,5,19
4520,5,30
4534,5,32
8044,5,3
4699,5,22
4736,5,6
4833,5,5
8347,5,22
4929,5,0
4939,5,6
5063,5,10
5184,5,1
5273,5,1
5437,5,9
7160,5,30
5509,5,23
5674,5,22
3283,5,22
5741,5,3
5780,5,31
5803,5,1
3286,5,19
5945,5,23
5962,5,6
453,5,12
6230,5,35
8371,5,35
7107,5,19
6341,5,33
6368,5,12
8035,5,11
6398,5,30
1057,5,27
6432,5,7
6474,5,27
6532,5,16
8167,5,17
6554,5,18
6650,5,31
6715,5,16
4713,5,28
6808,5,22
1132,5,8
6866,5,8
6920,5,34
4047,5,35
1401,5,27
7113,5,30
7132,5,11
7137,5,2
4428,5,13
7453,5,34
7484,5,11
7496,5,18
7102,5,25
8247,5,11
8087,5,29
8089,5,29
5981,5,13
8896,5,15
9049,5,7
8508,5,30
2891,5,30
8641,5,34
8682,5,2
8781,5,11
2730,5,5
8828,5,22
8848,5,30
8908,5,17
8530,5,11
8940,5,19
9187,5,1
9276,5,11
9338,5,0
3057,5,5
4919,5,6
7350,5,15
7238,5,18
7061,5,15
4976,5,19
4203,5,3
4810,5,23
3467,5,4
8951,5,5
676,5,18
1106,5,30
538,5,23
6081,5,18
1063,5,19
6256,5,23
1533,5,9
2916,5,23
6725,5,20
2903,5,10
1052,5,8
7861,5,27
8834,5,15
6030,5,22
6264,5,27
329,5,27
4391,5,25
852,5,1
6119,5,34
4426,5,13
5312,5,8
6320,5,15
6073,5,23
6336,5,28
1499,5,35
4119,5,11
3613,5,27
529,5,27
4446,5,13
2534,5,30
8401,5,23
5130,5,25
4256,5,5
3478,5,31
3170,5,19
3420,5,18
4607,5,30
8722,5,18
7810,5,23
1911,5,9
9427,5,15
4089,5,31
5151,5,13
8427,5,29
7408,5,36
3789,5,12
5828,5,29
149,5,13
2877,5,22
5800,5,5
619,5,23
7120,5,25
8020,5,22
3887,5,23
760,5,30
3267,5,23
3810,5,11
993,5,3
6784,5,32
6573,5,28
2272,5,29
1767,5,35
162,5,5
568,5,18
3790,5,13
1982,5,5
1095,5,23
5311,5,27
6900,5,32
572,5,13
1877,5,11
4261,5,11
6213,5,15
7218,5,28
1040,5,20
5447,5,30
6675,5,19
1265,5,22
8562,5,13
5160,5,5
8454,5,30
3748,5,12
4008,5,18
9274,5,4
5364,5,25
3346,5,15
2620,5,3
9060,5,32
7090,5,25
2352,5,23
8839,5,11
7509,5,29
1492,5,0
470,5,2
9240,5,16
1268,5,28
4973,5,18
822,5,22
2027,5,27
8002,5,2
6393,5,31
3285,5,19
1987,5,5
2298,5,15
1791,5,32
7659,4,1
1,4,1
9072,4,4
33,4,15
3266,4,15
4385,4,25
114,4,16
1047,4,13
2644,4,9
2224,4,7
5309,4,18
393,4,22
794,4,1
2135,4,5
3225,4,2
762,4,34
7964,4,31
475,4,34
486,4,17
6240,4,4
7694,4,31
7597,4,11
8490,4,1
5265,4,20
5081,4,9
4837,4,34
7168,4,17
2871,4,29
2929,4,15
382,4,9
1305,4,17
8772,4,35
6537,4,26
1581,4,16
1695,4,23
9164,4,31
9309,4,25
1971,4,24
6899,4,11
1886,4,23
6056,4,23
2601,4,34
7041,4,13
4094,4,8
6125,4,4
7645,4,23
2826,4,15
2485,4,31
2545,4,29
2992,4,16
6630,4,0
2768,4,18
2790,4,4
5093,4,15
7477,4,11
715,4,9
4371,4,13
1114,4,31
7249,4,19
8409,4,6
713,4,9
919,4,9
3516,4,10
8750,4,30
3752,4,5
783,4,31
4161,4,28
1050,4,15
5374,4,28
4219,4,11
4340,4,34
2133,4,13
4127,4,15
4524,4,35
802,4,20
5040,4,22
9106,4,28
5292,4,30
5310,4,4
5389,4,17
5326,4,25
3763,4,27
5648,4,5
6702,4,15
5647,4,34
5686,4,8
5984,4,23
1640,4,5
6234,4,23
6407,4,4
6443,4,29
6491,4,2
6049,4,20
2821,4,18
7116,4,15
2600,4,12
8395,4,31
8082,4,19
7296,4,30
5123,4,28
7819,4,23
9054,4,35
474,4,19
7897,4,31
3489,4,31
976,4,11
8113,4,11
8131,4,17
9431,4,13
8462,4,19
9169,4,15
8924,4,21
8582,4,17
9333,4,17
3966,4,23
1792,4,17
1099,4,2
1686,4,25
30,4,2
3430,4,4
6594,4,16
7401,4,15
304,4,25
4123,4,13
8821,4,8
6951,4,13
643,4,2
7363,4,25
6688,4,21
1616,4,35
8114,4,30
3475,4,25
1147,4,35
8984,4,23
496,4,2
9259,4,31
2624,4,1
3691,4,13
4971,4,19
8721,4,3
2318,4,23
7954,4,22
3723,4,30
2231,4,5
2282,4,15
793,4,30
205,4,23
3314,4,27
8486,4,19
5864,4,23
4489,4,27
2003,4,0
3339,4,19
798,4,18
7841,4,15
4620,4,18
7403,4,31
6578,4,29
1403,4,27
9284,4,19
985,4,30
163,4,17
8473,4,25
972,4,15
2685,4,34
6480,4,23
2564,4,32
880,4,20
4653,4,28
1346,4,2
6176,4,6
1340,4,16
8777,4,15
2330,4,20
4406,4,10
727,4,28
4809,4,19
9242,4,11
3924,4,5
8361,4,35
8992,4,12
7680,4,18
484,4,19
8286,4,28
9254,4,15
495,4,18
455,4,18
2812,4,19
1469,4,30
3259,4,20
9335,4,0
2486,4,22
7675,4,8
7264,4,23
3806,4,29
9390,4,10
1953,4,13
4909,4,4
9314,4,5
8433,4,30
183,4,2
6346,4,28
6911,4,15
8718,4,19
357,4,2
5602,4,1
7048,4,30
4788,4,5
4781,4,18
403,4,2
1696,4,36
8973,4,13
5793,4,31
3416,4,11
2950,4,1
2822,4,21
4965,4,3
6340,4,20
5507,4,17
1649,4,25
7840,4,17
3688,4,0
3765,4,28
6284,4,11
6167,4,29
7405,4,31
567,4,25
6042,4,19
7295,4,17
6222,4,35
2880,4,15
1184,4,34
4714,4,23
8165,4,9
842,4,11
7314,4,18
5037,4,6
3527,4,22
6896,4,6
8012,4,25
7252,4,23
9324,4,30
9363,4,4
2978,4,23
131,4,2
6303,4,22
2499,4,9
1735,4,18
9112,4,15
7918,4,19
1580,4,20
5116,4,17
9154,4,36
3687,4,0
6400,4,8
7786,4,8
5871,4,20
8999,4,10
7151,4,9
1204,4,25
1141,4,23
845,4,18
8738,4,30
4135,4,25
8579,4,23
5874,4,8
5503,4,11
1483,4,31
226,4,11
6151,4,29
6592,4,16
6894,4,11
1081,4,23
3080,4,30
7953,4,9
9246,4,1
7046,4,19
5329,4,5
395,4,25
8826,3,0
1910,3,0
607,3,2
5537,3,6
870,3,6
3094,3,9
1269,3,11
28,3,15
4710,3,15
9299,3,15
4804,3,28
6338,3,13
3610,3,22
274,3,2
169,3,7
314,3,24
915,3,18
2416,3,10
247,3,2
8741,3,9
2813,3,23
2145,3,23
5884,3,0
646,3,2
6313,3,18
835,3,9
6682,3,1
8969,3,15
5946,3,10
4802,3,6
954,3,12
3158,3,10
2563,3,4
7974,3,23
6349,3,23
1091,3,34
6773,3,27
2818,3,15
2684,3,21
3866,3,2
7422,3,36
7783,3,15
9151,3,17
7589,3,31
2093,3,22
1526,3,20
1653,3,35
5842,3,6
5738,3,17
1908,3,5
8378,3,7
2054,3,22
2074,3,12
4493,3,13
2961,3,23
8291,3,31
2515,3,31
7620,3,31
5916,3,5
2627,3,1
7721,3,18
7871,3,31
4630,3,8
7197,3,27
5996,3,4
2023,3,25
8935,3,31
6396,3,30
6942,3,4
7839,3,23
5253,3,17
7239,3,13
6421,3,32
4085,3,31
8014,3,31
8747,3,9
4224,3,6
7281,3,34
9212,3,31
701,3,28
3701,3,0
6383,3,23
5932,3,2
5495,3,31
2492,3,18
5752,3,28
8048,3,23
754,3,4
2921,3,25
467,3,23
3276,3,11
6580,3,4
4141,3,25
6740,3,19
3791,3,3
7676,3,19
7195,3,32
105,3,16
7361,3,4
5568,3,25
9261,3,19
6738,3,25
8786,3,25
1559,3,17
6914,3,4
2483,3,22
8800,3,15
8871,3,17
6637,3,4
8580,3,21
8948,3,4
5578,3,29
9073,3,17
518,3,2
1738,3,9
144,3,11
3185,3,11
6603,3,28
6754,3,35
2498,3,9
7247,3,23
2640,3,19
7777,3,36
7639,3,4
7832,3,31
5885,3,0
1424,3,8
385,3,36
8108,3,22
8081,3,22
210,3,15
6345,3,28
3396,3,34
6841,3,10
1192,3,36
8357,3,22
8569,3,4
7969,3,30
524,3,4
3891,3,0
6551,3,36
8316,3,25
5750,3,8
1151,3,29
8648,3,36
492,3,23
25,3,16
6574,3,25
4165,3,23
7826,3,34
4432,3,13
3705,3,24
1975,3,10
1795,3,17
5880,3,19
5618,3,15
1246,3,31
3441,3,4
4170,3,23
7417,3,11
6039,3,13
1045,3,13
2405,3,31
3402,3,20
4847,3,30
8262,3,9
3338,3,4
837,3,9
5848,3,6
7907,3,30
2619,3,11
7997,3,6
863,3,25
4068,3,34
7297,3,26
7564,3,13
282,3,15
2077,3,25
1916,3,25
4771,3,19
5299,3,19
3890,3,17
6905,3,8
7734,3,0
666,3,23
1832,3,6
1480,3,17
7649,3,23
1618,3,3
7122,3,34
4221,3,6
4155,3,9
951,3,19
7386,3,11
5959,3,19
6593,3,16
1243,3,25
8003,3,23
4507,3,17
2166,3,11
4787,3,25
3615,3,23
935,3,23
310,3,13
7382,3,6
6595,3,15
4162,3,19
1833,3,17
4818,3,19
454,3,29
152,3,22
8372,3,11
1411,3,5
1851,3,13
2500,3,9
6013,3,23
975,3,23
9370,3,28
7790,3,4
4576,3,27
3101,3,6
8189,3,8
1815,3,31
6520,3,34
4562,3,15
918,3,28
2756,3,1
7600,3,9
4764,3,10
6659,3,22
632,3,19
5623,3,24
3772,3,36
5459,3,22
4925,3,2
4916,3,15
8925,3,4
1431,3,15
5927,3,31
1157,3,31
8756,3,19
7143,3,31
4431,3,13
4455,3,9
5112,3,17
8661,3,22
55,3,15
3863,3,17
8292,3,19
7640,3,15
8533,3,16
2159,3,23
8369,3,4
6560,3,4
2536,3,11
441,3,31
5991,3,4
3716,3,19
4139,3,11
5023,3,16
6001,3,27
7816,3,26
4445,3,13
9326,3,35
8833,3,27
9182,3,23
8609,3,0
400,3,15
1976,3,29
5659,3,20
5294,3,13
3277,3,11
8232,3,18
989,3,16
2974,3,15
5917,3,23
3909,3,4
4893,3,27
154,3,17
4429,3,13
9239,3,11
1827,3,4
5108,3,15
255,3,25
8137,3,9
5636,3,35
6925,3,16
3480,3,26
4414,3,11
2062,3,4
3893,3,17
883,3,4
7631,3,17
1574,3,19
8451,3,23
1799,3,0
7387,3,6
7629,3,1
5934,3,8
3818,3,34
2575,3,23
7396,3,22
1819,3,27
8222,3,23
8809,3,17
7562,3,15
5148,3,6
4044,3,34
8574,3,23
2067,3,27
2193,3,35
3394,3,11
6305,3,31
2938,3,1
2610,3,9
8344,3,34
9203,3,5
7219,3,29
6753,3,23
6519,3,27
6862,3,29
3932,3,24
2104,3,4
6072,3,10
1598,3,23
7394,3,15
7647,3,4
4106,3,13
2120,3,15
3032,3,5
3395,3,11
4430,3,13
1195,3,9
4882,3,32
3273,3,11
1701,3,34
9334,3,19
8488,3,27
8208,3,22
4016,3,30
5606,3,23
7883,3,27
3786,3,20
1674,3,36
4229,3,19
533,3,15
5137,3,19
4365,3,11
1048,3,13
9371,3,18
604,3,3
258,3,31
5042,3,25
5607,3,11
7250,3,15
8808,3,17
1036,3,19
7421,3,6
7056,3,34
3995,3,11
2781,3,36
8822,3,23
8149,3,11
5781,3,17
1981,3,0
2926,3,5
1202,3,11
8804,3,22
7327,3,23
5153,2,9
6737,2,4
1656,2,11
3125,2,24
6731,2,24
9020,2,5
602,2,23
600,2,23
4236,2,17
6165,2,9
1615,2,29
8463,2,24
337,2,4
7573,2,36
4100,2,4
1422,2,23
2471,2,22
2984,2,13
4972,2,19
3908,2,6
869,2,31
3777,2,24
4711,2,22
5101,2,30
8136,2,30
6403,2,25
971,2,17
2109,2,4
1509,2,27
1528,2,33
4687,2,20
8944,2,19
9165,2,13
9253,2,35
2300,2,15
4002,2,16
9192,2,15
1425,2,4
3734,2,24
739,2,8
3282,2,6
9251,2,4
4063,2,16
9225,2,11
3520,2,22
254,2,11
4125,2,31
2234,2,19
2991,2,0
8759,2,20
2373,2,19
5150,2,35
5246,2,36
7746,2,4
691,2,23
5368,2,17
5096,2,23
5691,2,15
4299,2,11
3159,2,13
4050,2,31
4319,2,25
6296,2,8
6027,2,9
1282,2,25
1252,2,34
2134,2,9
4517,2,5
6419,2,30
8617,2,12
7458,2,27
3116,2,25
9047,2,26
1160,2,26
8382,2,0
5883,2,23
6281,2,0
8235,2,5
639,2,2
4718,2,34
8819,2,17
4237,2,23
8497,2,23
461,2,29
8060,2,27
8955,2,6
2187,2,17
6365,2,12
9296,2,4
2656,2,11
6357,2,6
7167,2,35
5645,2,22
3216,2,17
1523,2,5
6687,2,24
5775,2,12
6193,2,30
2865,2,16
399,2,4
1012,2,17
2124,2,4
7433,2,5
7036,2,20
6901,2,4
2065,2,30
3303,2,4
7782,2,23
6965,2,6
6006,2,19
7660,2,17
6146,2,34
7491,2,4
6489,2,6
8495,2,11
9285,2,23
8567,2,17
6163,2,16
8336,2,23
6366,2,0
7326,2,4
2398,2,23
6294,2,19
7987,2,15
5242,2,25
6571,2,11
7310,2,29
1241,2,16
2277,2,17
6987,2,19
3413,2,24
7725,2,35
7423,2,6
1571,2,17
3538,2,9
7329,2,6
4938,2,17
8025,2,13
583,2,15
6806,2,11
3518,2,22
7469,2,4
5427,2,13
2210,2,35
4638,2,20
8199,2,11
7031,2,3
4288,2,11
5139,2,6
8652,2,11
8172,2,10
5030,2,3
8160,2,11
9027,2,23
6219,2,23
6076,2,10
1588,2,30
5410,2,0
5314,2,17
2394,2,25
7347,2,27
7803,2,19
6964,2,25
7155,2,4
2699,2,11
4807,2,36
3275,2,11
8377,2,23
3959,2,30
4348,2,17
3054,2,4
6535,2,7
2721,2,29
1188,2,4
9229,2,8
966,2,16
2828,2,25
3904,2,22
1374,2,27
4961,2,17
4881,2,15
8049,2,34
8142,2,5
4316,2,11
9410,2,34
1899,2,23
60,2,28
6885,2,29
2780,2,4
2787,2,28
6194,2,17
1146,2,35
3221,2,13
2324,2,28
5660,2,31
3535,2,4
8216,2,23
5749,2,1
358,2,10
8408,2,4
3281,2,10
3996,2,23
5094,2,34
1218,2,25
8007,2,24
6409,2,17
1143,2,22
5152,2,9
6902,2,4
3721,2,34
6939,2,22
5383,2,17
8590,2,27
812,2,5
6533,2,17
1973,2,19
1158,2,23
6692,2,13
151,2,35
7705,2,0
3830,2,8
364,2,34
1395,2,31
8281,2,11
8210,2,34
9202,2,5
8949,2,33
8603,2,17
8607,2,23
1010,2,27
8026,2,17
8882,2,8
4712,2,17
8921,2,4
1292,2,4
408,2,25
5956,2,7
2615,2,19
4062,2,30
1354,2,4
5854,2,4
2602,2,34
8460,2,11
7929,2,23
4086,2,19
9221,2,13
5180,2,11
160,2,9
6057,2,15
6910,2,29
1625,2,13
494,2,6
1671,2,21
6970,2,6
661,2,11
4351,2,5
7057,2,9
8538,2,16
8880,2,30
8931,2,18
5422,2,25
3214,2,35
731,2,4
8779,2,17
5515,2,19
1550,2,13
2763,2,15
3833,2,11
7269,2,4
3274,2,11
5141,2,5
4004,2,35
8938,2,36
7495,2,28
2782,2,0
3686,2,0
4655,2,19
9122,2,23
5110,2,11
6648,2,13
5028,2,6
4444,2,30
2204,2,11
9131,2,25
9065,2,26
7609,2,3
3227,2,35
4142,2,11
8479,2,25
5832,2,23
373,2,0
6168,2,11
7174,2,36
5208,2,10
630,2,4
7284,2,27
595,2,16
2073,2,0
569,2,8
4793,2,28
4112,2,19
252,2,22
9023,2,15
6879,2,29
758,2,11
3417,2,15
8364,2,34
8651,2,34
7321,2,23
2648,2,25
5453,2,25
3921,2,25
7398,2,30
7172,2,17
3469,2,31
8338,2,31
3223,2,13
8564,2,13
6286,2,4
5652,2,27
9139,2,31
4885,2,34
4483,2,15
2406,2,22
7800,2,17
4928,2,25
4443,2,11
9306,2,0
5092,2,30
3840,2,4
8294,2,4
5175,2,16
4667,2,15
1232,2,8
2588,2,35
8406,2,25
8961,2,23
3404,2,34
9249,2,11
7784,2,25
2262,2,0
168,2,23
6747,2,28
8977,2,6
6276,2,9
907,2,19
6311,2,6
8744,2,6
7828,2,22
5812,2,17
6685,2,24
6996,2,17
8507,2,9
1761,2,16
2275,2,8
2110,2,30
5176,2,6
7924,2,17
1721,2,19
3491,2,34
7586,2,4
4289,2,19
4076,2,30
4656,2,4
3107,2,24
8688,2,23
8109,2,8
7923,2,23
3559,2,17
4921,2,17
6055,2,23
3573,2,4
3759,2,6
796,2,11
5477,2,16
7380,2,17
6577,2,25
6100,2,24
4128,2,17
2833,2,13
3269,2,32
7663,2,31
8549,2,6
7888,2,0
6277,2,5
297,2,4
4784,2,35
4610,2,3
7369,2,6
1138,2,36
9163,2,11
2356,2,13
3193,2,11
5436,2,9
5642,2,6
7605,2,0
2729,2,16
2266,2,4
3699,2,17
8161,2,11
912,2,4
4037,2,4
3783,2,16
5365,2,17
2739,2,4
8746,2,34
7124,2,16
9199,2,4
2165,2,17
3835,2,19
7962,2,34
2326,2,9
2477,2,31
5711,2,17
5615,2,19
7879,2,25
1613,2,34
2331,2,0
332,2,17
7893,2,23
1467,2,4
8362,2,17
9179,2,8
8716,2,29
7867,2,27
2642,2,23
3263,2,17
1980,2,25
6041,2,6
322,2,2
1313,2,17
5833,2,11
200,2,2
4187,2,9
2341,2,4
4629,2,19
5429,2,34
6549,2,22
1561,2,2
1759,2,17
5159,2,8
2337,2,6
2195,2,3
2317,2,23
7101,2,17
4569,2,17
1570,2,34
7619,2,26
8381,2,17
3171,2,17
4778,2,19
5524,2,1
4314,2,9
4542,2,23
6298,2,19
2248,2,16
1206,2,27
3800,2,25
8483,2,11
6909,2,31
2778,2,13
3334,2,16
6455,2,17
1845,2,6
4204,2,20
3717,2,11
8252,2,31
4805,2,0
7134,2,27
4742,2,9
2173,2,17
9241,2,11
427,2,15
6676,2,31
197,2,18
6693,2,15
7945,2,4
8006,2,4
4327,2,34
2718,2,16
9273,2,17
4331,2,17
853,2,18
5285,2,13
2958,2,4
2041,2,4
3473,2,22
7625,2,6
1590,2,9
2079,2,13
5338,2,34
7730,2,25
648,2,19
7130,2,5
555,2,36
2861,2,16
3936,2,26
2032,2,30
8797,2,6
5953,2,0
8058,2,7
2493,2,16
1379,2,11
8309,2,23
4033,2,15
6538,2,25
1660,2,25
8851,2,9
6557,2,17
2641,2,17
2390,2,36
2404,2,8
9245,2,4
4668,2,23
7128,2,29
6283,2,11
